"Hour", "Element", "Normal Amps", "Emerg Amps", "% Normal", "% Emerg", "kVBase"
5281, "Transformer.05410_G2100NJ7400", 1.381, 1.883, 103.0148, 75.5442, 19.9 
5286, "Transformer.05410_G2100NJ7400", 1.381, 1.883, 104.7768, 76.83631, 19.9 
5287, "Transformer.05410_G2100GI2700", 1.381, 1.883, 103.4478, 75.86169, 19.9 
5287, "Transformer.05410_G2100NJ7400", 1.381, 1.883, 117.975, 86.51497, 19.9 
5288, "Transformer.05410_G2100GI2700", 1.381, 1.883, 110.6577, 81.14895, 19.9 
5288, "Transformer.05410_G2100NJ7400", 1.381, 1.883, 129.8987, 95.25907, 19.9 
5289, "Transformer.05410_G2100GI2700", 1.381, 1.883, 123.6429, 90.67145, 19.9 
5289, "Transformer.05410_G2100NJ7400", 1.381, 1.883, 148.0947, 108.6028, 19.9 
5290, "Transformer.05410_G2100GI2700", 1.381, 1.883, 139.9006, 102.5938, 19.9 
5290, "Transformer.05410_G2100NJ7400", 1.381, 1.883, 165.7539, 121.5529, 19.9 
5291, "Transformer.05410_G2100GI2700", 1.381, 1.883, 154.1523, 113.045, 19.9 
5291, "Transformer.05410_G2100NJ7400", 1.381, 1.883, 181.528, 133.1205, 19.9 
5292, "Transformer.05410_G2100EN2200", 2.761, 3.765, 102.004, 74.80297, 19.9 
5292, "Transformer.05410_G2100GI2700", 1.381, 1.883, 168.3241, 123.4377, 19.9 
5292, "Transformer.05410_G2100NJ7400", 1.381, 1.883, 193.6841, 142.035, 19.9 
5293, "Transformer.05410_G2100DL9800", 2.071, 2.824, 102.5521, 75.20484, 19.9 
5293, "Transformer.05410_G2100EN2200", 2.761, 3.765, 107.0939, 78.53551, 19.9 
5293, "Transformer.05410_G2100GI2700", 1.381, 1.883, 176.7522, 129.6183, 19.9 
5293, "Transformer.05410_G2100NJ7400", 1.381, 1.883, 203.0132, 148.8763, 19.9 
5293, "Transformer.05410_G2101BC7200", 7.217, 9.841, 103.042, 75.56416, 7.62 
5293, "Transformer.05410_G2102CC0600", 1.381, 1.883, 104.6053, 76.71056, 19.9 
5294, "Transformer.05410_G2100DL9800", 2.071, 2.824, 108.34, 79.44931, 19.9 
5294, "Transformer.05410_G2100EN2200", 2.761, 3.765, 113.3674, 83.13612, 19.9 
5294, "Transformer.05410_G2100GI2700", 1.381, 1.883, 187.1539, 137.2462, 19.9 
5294, "Transformer.05410_G2100NJ7400", 1.381, 1.883, 215.4072, 157.9653, 19.9 
5294, "Transformer.05410_G2101BC7200", 7.217, 9.841, 109.2966, 80.15084, 7.62 
5294, "Transformer.05410_G2102CC0600", 1.381, 1.883, 110.9673, 81.37601, 19.9 
5295, "Transformer.05410_G2100DL9800", 2.071, 2.824, 110.9558, 81.36759, 19.9 
5295, "Transformer.05410_G2100EN2200", 2.761, 3.765, 116.7322, 85.60359, 19.9 
5295, "Transformer.05410_G2100GI2700", 1.381, 1.883, 192.7383, 141.3414, 19.9 
5295, "Transformer.05410_G2100NJ7400", 1.381, 1.883, 220.1587, 161.4497, 19.9 
5295, "Transformer.05410_G2101BC7200", 7.217, 9.841, 111.6898, 81.90585, 7.62 
5295, "Transformer.05410_G2102CC0600", 1.381, 1.883, 113.4034, 83.16249, 19.9 
5296, "Transformer.05410_G2100DL9800", 2.071, 2.824, 112.8078, 82.72573, 19.9 
5296, "Transformer.05410_G2100EN2200", 2.761, 3.765, 117.7733, 86.36712, 19.9 
5296, "Transformer.05410_G2100GI2700", 1.381, 1.883, 194.4522, 142.5983, 19.9 
5296, "Transformer.05410_G2100NJ7400", 1.381, 1.883, 224.2304, 164.4356, 19.9 
5296, "Transformer.05410_G2101BC7200", 7.217, 9.841, 113.75, 83.41665, 7.62 
5296, "Transformer.05410_G2102CC0600", 1.381, 1.883, 115.4962, 84.69723, 19.9 
5297, "Transformer.05410_G2100DL9800", 2.071, 2.824, 112.8232, 82.73702, 19.9 
5297, "Transformer.05410_G2100EN2200", 2.761, 3.765, 116.4535, 85.39924, 19.9 
5297, "Transformer.05410_G2100GI2700", 1.381, 1.883, 192.2584, 140.9895, 19.9 
5297, "Transformer.05410_G2100NJ7400", 1.381, 1.883, 220.5823, 161.7604, 19.9 
5297, "Transformer.05410_G2101BC7200", 7.217, 9.841, 111.9142, 82.07044, 7.62 
5297, "Transformer.05410_G2102CC0600", 1.381, 1.883, 113.6266, 83.32615, 19.9 
5298, "Transformer.05410_G2100DL9800", 2.071, 2.824, 109.704, 80.44956, 19.9 
5298, "Transformer.05410_G2100EN2200", 2.761, 3.765, 113.7915, 83.44708, 19.9 
5298, "Transformer.05410_G2100GI2700", 1.381, 1.883, 187.8415, 137.7505, 19.9 
5298, "Transformer.05410_G2100NJ7400", 1.381, 1.883, 215.2507, 157.8505, 19.9 
5298, "Transformer.05410_G2101BC7200", 7.217, 9.841, 109.2265, 80.09946, 7.62 
5298, "Transformer.05410_G2102CC0600", 1.381, 1.883, 110.8916, 81.32048, 19.9 
5299, "Transformer.05410_G2100DL9800", 2.071, 2.824, 105.6858, 77.50293, 19.9 
5299, "Transformer.05410_G2100EN2200", 2.761, 3.765, 108.9999, 79.93328, 19.9 
5299, "Transformer.05410_G2100GI2700", 1.381, 1.883, 179.8941, 131.9224, 19.9 
5299, "Transformer.05410_G2100NJ7400", 1.381, 1.883, 206.5927, 151.5013, 19.9 
5299, "Transformer.05410_G2101BC7200", 7.217, 9.841, 104.8601, 76.89744, 7.62 
5299, "Transformer.05410_G2102CC0600", 1.381, 1.883, 106.4491, 78.06271, 19.9 
5300, "Transformer.05410_G2100DL9800", 2.071, 2.824, 100.485, 73.68903, 19.9 
5300, "Transformer.05410_G2100EN2200", 2.761, 3.765, 103.3931, 75.8216, 19.9 
5300, "Transformer.05410_G2100GI2700", 1.381, 1.883, 170.5984, 125.1055, 19.9 
5300, "Transformer.05410_G2100NJ7400", 1.381, 1.883, 198.7373, 145.7407, 19.9 
5300, "Transformer.05410_G2101BC7200", 7.217, 9.841, 100.8973, 73.99135, 7.62 
5300, "Transformer.05410_G2102CC0600", 1.381, 1.883, 102.4179, 75.10646, 19.9 
5301, "Transformer.05410_G2100GI2700", 1.381, 1.883, 156.9022, 115.0616, 19.9 
5301, "Transformer.05410_G2100NJ7400", 1.381, 1.883, 185.8096, 136.2603, 19.9 
5302, "Transformer.05410_G2100GI2700", 1.381, 1.883, 139.8166, 102.5322, 19.9 
5302, "Transformer.05410_G2100NJ7400", 1.381, 1.883, 163.5473, 119.9347, 19.9 
5303, "Transformer.05410_G2100GI2700", 1.381, 1.883, 121.0703, 88.78489, 19.9 
5303, "Transformer.05410_G2100NJ7400", 1.381, 1.883, 142.0776, 104.1903, 19.9 
5304, "Transformer.05410_G2100GI2700", 1.381, 1.883, 106.3218, 77.96935, 19.9 
5304, "Transformer.05410_G2100NJ7400", 1.381, 1.883, 124.3039, 91.15616, 19.9 
5305, "Transformer.05410_G2100NJ7400", 1.381, 1.883, 114.9086, 84.2663, 19.9 
5306, "Transformer.05410_G2100NJ7400", 1.381, 1.883, 107.2795, 78.6716, 19.9 
5307, "Transformer.05410_G2100NJ7400", 1.381, 1.883, 102.3044, 75.02321, 19.9 
5308, "Transformer.05410_G2100NJ7400", 1.381, 1.883, 100.0106, 73.34108, 19.9 
5309, "Transformer.05410_G2100NJ7400", 1.381, 1.883, 106.219, 77.89392, 19.9 
5310, "Transformer.05410_G2100GI2700", 1.381, 1.883, 101.7247, 74.59812, 19.9 
5310, "Transformer.05410_G2100NJ7400", 1.381, 1.883, 117.3889, 86.08518, 19.9 
5311, "Transformer.05410_G2100GI2700", 1.381, 1.883, 108.5732, 79.62036, 19.9 
5311, "Transformer.05410_G2100NJ7400", 1.381, 1.883, 125.5783, 92.09077, 19.9 
5312, "Transformer.05410_G2100GI2700", 1.381, 1.883, 116.9917, 85.79389, 19.9 
5312, "Transformer.05410_G2100NJ7400", 1.381, 1.883, 140.7725, 103.2332, 19.9 
5313, "Transformer.05410_G2100GI2700", 1.381, 1.883, 130.7307, 95.86918, 19.9 
5313, "Transformer.05410_G2100NJ7400", 1.381, 1.883, 157.4993, 115.4995, 19.9 
5314, "Transformer.05410_G2100GI2700", 1.381, 1.883, 149.3177, 109.4996, 19.9 
5314, "Transformer.05410_G2100NJ7400", 1.381, 1.883, 179.6293, 131.7282, 19.9 
5315, "Transformer.05410_G2100EN2200", 2.761, 3.765, 101.3367, 74.31361, 19.9 
5315, "Transformer.05410_G2100GI2700", 1.381, 1.883, 167.2177, 122.6263, 19.9 
5315, "Transformer.05410_G2100NJ7400", 1.381, 1.883, 197.2045, 144.6166, 19.9 
5315, "Transformer.05410_G2101BC7200", 7.217, 9.841, 100.1059, 73.41097, 7.62 
5315, "Transformer.05410_G2102CC0600", 1.381, 1.883, 101.621, 74.52205, 19.9 
5316, "Transformer.05410_G2100DL9800", 2.071, 2.824, 104.6535, 76.74589, 19.9 
5316, "Transformer.05410_G2100EN2200", 2.761, 3.765, 109.8584, 80.56285, 19.9 
5316, "Transformer.05410_G2100GI2700", 1.381, 1.883, 181.3368, 132.9803, 19.9 
5316, "Transformer.05410_G2100NJ7400", 1.381, 1.883, 212.1973, 155.6113, 19.9 
5316, "Transformer.05410_G2101BC7200", 7.217, 9.841, 107.6744, 78.96121, 7.62 
5316, "Transformer.05410_G2102CC0600", 1.381, 1.883, 109.3181, 80.16659, 19.9 
5317, "Transformer.05410_G2100DL9800", 2.071, 2.824, 111.4486, 81.72901, 19.9 
5317, "Transformer.05410_G2100EN2200", 2.761, 3.765, 117.5535, 86.20587, 19.9 
5317, "Transformer.05410_G2100GI2700", 1.381, 1.883, 194.0996, 142.3397, 19.9 
5317, "Transformer.05410_G2100NJ7400", 1.381, 1.883, 222.6062, 163.2445, 19.9 
5317, "Transformer.05410_G2101BC7200", 7.217, 9.841, 112.9248, 82.81151, 7.62 
5317, "Transformer.05410_G2102CC0600", 1.381, 1.883, 114.6597, 84.08379, 19.9 
5318, "Transformer.05410_G2001WL3500", 3.608, 4.921, 101.0235, 74.08388, 7.62 
5318, "Transformer.05410_G2100DL9800", 2.071, 2.824, 115.7962, 84.91723, 19.9 
5318, "Transformer.05410_G2100EN2200", 2.761, 3.765, 122.2364, 89.64006, 19.9 
5318, "Transformer.05410_G2100GI2700", 1.381, 1.883, 201.8606, 148.0311, 19.9 
5318, "Transformer.05410_G2100NJ7400", 1.381, 1.883, 232.6426, 170.6046, 19.9 
5318, "Transformer.05410_G2100OJ3400", 7.217, 9.841, 102.2228, 74.96342, 7.62 
5318, "Transformer.05410_G2101BC7200", 7.217, 9.841, 117.9874, 86.5241, 7.62 
5318, "Transformer.05410_G2101CO1900", 0.8284, 1.13, 101.606, 74.5111, 19.9 
5318, "Transformer.05410_G2102CC0600", 1.381, 1.883, 119.8096, 87.86038, 19.9 
5319, "Transformer.STEP_05410_G2101CD0200", 18.39, 25.08, 102.137, 74.90047, 19.9 
5319, "Transformer.05410_G2000VH9100", 0.8284, 1.13, 100.1389, 73.43517, 19.9 
5319, "Transformer.05410_G2001WL3500", 3.608, 4.921, 103.3582, 75.796, 7.62 
5319, "Transformer.05410_G2100DL9800", 2.071, 2.824, 118.4704, 86.8783, 19.9 
5319, "Transformer.05410_G2100EN2200", 2.761, 3.765, 124.9884, 91.65813, 19.9 
5319, "Transformer.05410_G2100GI2700", 1.381, 1.883, 206.4251, 151.3784, 19.9 
5319, "Transformer.05410_G2100NJ7400", 1.381, 1.883, 236.326, 173.3058, 19.9 
5319, "Transformer.05410_G2100OJ3400", 7.217, 9.841, 104.5861, 76.69648, 7.62 
5319, "Transformer.05410_G2101BC7200", 7.217, 9.841, 119.8464, 87.88738, 7.62 
5319, "Transformer.05410_G2101CO1900", 0.8284, 1.13, 103.2064, 75.68468, 19.9 
5319, "Transformer.05410_G2101GC9700", 2.761, 3.765, 101.1631, 74.18624, 19.9 
5319, "Transformer.05410_G2102CC0600", 1.381, 1.883, 121.7004, 89.24694, 19.9 
5320, "Transformer.STEP_05410_G2101CD0200", 18.39, 25.08, 103.4138, 75.83679, 19.9 
5320, "Transformer.05410_G2000VH9100", 0.8284, 1.13, 100.9873, 74.05737, 19.9 
5320, "Transformer.05410_G2001WL3500", 3.608, 4.921, 104.6502, 76.74351, 7.62 
5320, "Transformer.05410_G2100DL9800", 2.071, 2.824, 119.9509, 87.96399, 19.9 
5320, "Transformer.05410_G2100EN2200", 2.761, 3.765, 126.0494, 92.43625, 19.9 
5320, "Transformer.05410_G2100GI2700", 1.381, 1.883, 208.182, 152.6668, 19.9 
5320, "Transformer.05410_G2100NJ7400", 1.381, 1.883, 236.485, 173.4223, 19.9 
5320, "Transformer.05410_G2100OJ3400", 7.217, 9.841, 105.8942, 77.65571, 7.62 
5320, "Transformer.05410_G2101BC7200", 7.217, 9.841, 119.9262, 87.9459, 7.62 
5320, "Transformer.05410_G2101CO1900", 0.8284, 1.13, 103.275, 75.73502, 19.9 
5320, "Transformer.05410_G2101GC9700", 2.761, 3.765, 101.2303, 74.23555, 19.9 
5320, "Transformer.05410_G2102CC0600", 1.381, 1.883, 121.7815, 89.30646, 19.9 
5321, "Transformer.STEP_05410_G2101CD0200", 18.39, 25.08, 102.0861, 74.86317, 19.9 
5321, "Transformer.05410_G2001WL3500", 3.608, 4.921, 103.3068, 75.75831, 7.62 
5321, "Transformer.05410_G2100DL9800", 2.071, 2.824, 118.411, 86.83473, 19.9 
5321, "Transformer.05410_G2100EN2200", 2.761, 3.765, 124.5187, 91.31369, 19.9 
5321, "Transformer.05410_G2100GI2700", 1.381, 1.883, 205.646, 150.8071, 19.9 
5321, "Transformer.05410_G2100NJ7400", 1.381, 1.883, 233.4928, 171.228, 19.9 
5321, "Transformer.05410_G2100OJ3400", 7.217, 9.841, 104.534, 76.65828, 7.62 
5321, "Transformer.05410_G2101BC7200", 7.217, 9.841, 118.4181, 86.83995, 7.62 
5321, "Transformer.05410_G2101CO1900", 0.8284, 1.13, 101.9763, 74.78266, 19.9 
5321, "Transformer.05410_G2102CC0600", 1.381, 1.883, 120.2468, 88.18097, 19.9 
5322, "Transformer.STEP_05410_G2101CD0200", 18.39, 25.08, 101.5225, 74.44983, 19.9 
5322, "Transformer.05410_G2001WL3500", 3.608, 4.921, 102.7365, 75.34012, 7.62 
5322, "Transformer.05410_G2100DL9800", 2.071, 2.824, 117.7574, 86.35541, 19.9 
5322, "Transformer.05410_G2100EN2200", 2.761, 3.765, 122.5693, 89.88417, 19.9 
5322, "Transformer.05410_G2100GI2700", 1.381, 1.883, 202.4212, 148.4422, 19.9 
5322, "Transformer.05410_G2100NJ7400", 1.381, 1.883, 231.7814, 169.9731, 19.9 
5322, "Transformer.05410_G2100OJ3400", 7.217, 9.841, 103.9566, 76.23484, 7.62 
5322, "Transformer.05410_G2101BC7200", 7.217, 9.841, 117.5513, 86.2043, 7.62 
5322, "Transformer.05410_G2101CO1900", 0.8284, 1.13, 101.2311, 74.23612, 19.9 
5322, "Transformer.05410_G2102CC0600", 1.381, 1.883, 119.3668, 87.53567, 19.9 
5323, "Transformer.05410_G2001WL3500", 3.608, 4.921, 100.3049, 73.55694, 7.62 
5323, "Transformer.05410_G2100DL9800", 2.071, 2.824, 114.9724, 84.3131, 19.9 
5323, "Transformer.05410_G2100EN2200", 2.761, 3.765, 118.3603, 86.79754, 19.9 
5323, "Transformer.05410_G2100GI2700", 1.381, 1.883, 195.4228, 143.31, 19.9 
5323, "Transformer.05410_G2100NJ7400", 1.381, 1.883, 223.3032, 163.7557, 19.9 
5323, "Transformer.05410_G2100OJ3400", 7.217, 9.841, 101.4957, 74.43014, 7.62 
5323, "Transformer.05410_G2101BC7200", 7.217, 9.841, 113.2847, 83.07547, 7.62 
5323, "Transformer.05410_G2102CC0600", 1.381, 1.883, 115.0216, 84.34914, 19.9 
5324, "Transformer.05410_G2100DL9800", 2.071, 2.824, 111.4586, 81.73634, 19.9 
5324, "Transformer.05410_G2100EN2200", 2.761, 3.765, 114.3954, 83.88994, 19.9 
5324, "Transformer.05410_G2100GI2700", 1.381, 1.883, 188.843, 138.4849, 19.9 
5324, "Transformer.05410_G2100NJ7400", 1.381, 1.883, 219.1199, 160.6879, 19.9 
5324, "Transformer.05410_G2101BC7200", 7.217, 9.841, 111.178, 81.53053, 7.62 
5324, "Transformer.05410_G2102CC0600", 1.381, 1.883, 112.8769, 82.77642, 19.9 
5325, "Transformer.05410_G2100DL9800", 2.071, 2.824, 103.1553, 75.64724, 19.9 
5325, "Transformer.05410_G2100EN2200", 2.761, 3.765, 105.5474, 77.4014, 19.9 
5325, "Transformer.05410_G2100GI2700", 1.381, 1.883, 174.1681, 127.7233, 19.9 
5325, "Transformer.05410_G2100NJ7400", 1.381, 1.883, 203.7875, 149.4442, 19.9 
5325, "Transformer.05410_G2101BC7200", 7.217, 9.841, 103.4457, 75.8602, 7.62 
5325, "Transformer.05410_G2102CC0600", 1.381, 1.883, 105.01, 77.00731, 19.9 
5326, "Transformer.05410_G2100GI2700", 1.381, 1.883, 154.4874, 113.2907, 19.9 
5326, "Transformer.05410_G2100NJ7400", 1.381, 1.883, 182.7993, 134.0528, 19.9 
5327, "Transformer.05410_G2100GI2700", 1.381, 1.883, 136.44, 100.056, 19.9 
5327, "Transformer.05410_G2100NJ7400", 1.381, 1.883, 162.2237, 118.964, 19.9 
5328, "Transformer.05410_G2100GI2700", 1.381, 1.883, 122.1248, 89.55817, 19.9 
5328, "Transformer.05410_G2100NJ7400", 1.381, 1.883, 144.7611, 106.1582, 19.9 
5329, "Transformer.05410_G2100GI2700", 1.381, 1.883, 112.8312, 82.74291, 19.9 
5329, "Transformer.05410_G2100NJ7400", 1.381, 1.883, 134.8111, 98.86146, 19.9 
5330, "Transformer.05410_G2100GI2700", 1.381, 1.883, 106.1426, 77.83791, 19.9 
5330, "Transformer.05410_G2100NJ7400", 1.381, 1.883, 126.294, 92.61558, 19.9 
5331, "Transformer.05410_G2100GI2700", 1.381, 1.883, 101.9436, 74.75866, 19.9 
5331, "Transformer.05410_G2100NJ7400", 1.381, 1.883, 119.2234, 87.43047, 19.9 
5332, "Transformer.05410_G2100NJ7400", 1.381, 1.883, 114.5058, 83.97093, 19.9 
5333, "Transformer.05410_G2100GI2700", 1.381, 1.883, 101.3111, 74.29483, 19.9 
5333, "Transformer.05410_G2100NJ7400", 1.381, 1.883, 117.6799, 86.2986, 19.9 
5334, "Transformer.05410_G2100GI2700", 1.381, 1.883, 109.6833, 80.43442, 19.9 
5334, "Transformer.05410_G2100NJ7400", 1.381, 1.883, 126.6247, 92.85809, 19.9 
5335, "Transformer.05410_G2100GI2700", 1.381, 1.883, 113.6266, 83.3262, 19.9 
5335, "Transformer.05410_G2100NJ7400", 1.381, 1.883, 131.7945, 96.64933, 19.9 
5336, "Transformer.05410_G2100GI2700", 1.381, 1.883, 120.5611, 88.41148, 19.9 
5336, "Transformer.05410_G2100NJ7400", 1.381, 1.883, 144.7098, 106.1205, 19.9 
5337, "Transformer.05410_G2100GI2700", 1.381, 1.883, 135.9129, 99.66945, 19.9 
5337, "Transformer.05410_G2100NJ7400", 1.381, 1.883, 165.5692, 121.4174, 19.9 
5338, "Transformer.05410_G2100GI2700", 1.381, 1.883, 155.0438, 113.6988, 19.9 
5338, "Transformer.05410_G2100NJ7400", 1.381, 1.883, 187.208, 137.2858, 19.9 
5339, "Transformer.05410_G2100EN2200", 2.761, 3.765, 101.9414, 74.75706, 19.9 
5339, "Transformer.05410_G2100GI2700", 1.381, 1.883, 168.2097, 123.3538, 19.9 
5339, "Transformer.05410_G2100NJ7400", 1.381, 1.883, 202.7334, 148.6712, 19.9 
5339, "Transformer.05410_G2101BC7200", 7.217, 9.841, 102.9021, 75.46151, 7.62 
5339, "Transformer.05410_G2102CC0600", 1.381, 1.883, 104.4624, 76.60576, 19.9 
5340, "Transformer.05410_G2100DL9800", 2.071, 2.824, 104.5584, 76.67617, 19.9 
5340, "Transformer.05410_G2100EN2200", 2.761, 3.765, 107.8866, 79.11685, 19.9 
5340, "Transformer.05410_G2100GI2700", 1.381, 1.883, 178.0628, 130.5794, 19.9 
5340, "Transformer.05410_G2100NJ7400", 1.381, 1.883, 210.4935, 154.3619, 19.9 
5340, "Transformer.05410_G2101BC7200", 7.217, 9.841, 106.8194, 78.3342, 7.62 
5340, "Transformer.05410_G2102CC0600", 1.381, 1.883, 108.4464, 79.52735, 19.9 
5341, "Transformer.05410_G2100DL9800", 2.071, 2.824, 112.5265, 82.51943, 19.9 
5341, "Transformer.05410_G2100EN2200", 2.761, 3.765, 115.6978, 84.84506, 19.9 
5341, "Transformer.05410_G2100GI2700", 1.381, 1.883, 191.0207, 140.0819, 19.9 
5341, "Transformer.05410_G2100NJ7400", 1.381, 1.883, 224.8171, 164.8658, 19.9 
5341, "Transformer.05410_G2101BC7200", 7.217, 9.841, 114.0394, 83.62888, 7.62 
5341, "Transformer.05410_G2102CC0600", 1.381, 1.883, 115.794, 84.9156, 19.9 
5342, "Transformer.05410_G2100DL9800", 2.071, 2.824, 113.5437, 83.26539, 19.9 
5342, "Transformer.05410_G2100EN2200", 2.761, 3.765, 118.5698, 86.95122, 19.9 
5342, "Transformer.05410_G2100GI2700", 1.381, 1.883, 195.7742, 143.5677, 19.9 
5342, "Transformer.05410_G2100NJ7400", 1.381, 1.883, 227.1485, 166.5755, 19.9 
5342, "Transformer.05410_G2100OJ3400", 7.217, 9.841, 100.2325, 73.50383, 7.62 
5342, "Transformer.05410_G2101BC7200", 7.217, 9.841, 115.2202, 84.49483, 7.62 
5342, "Transformer.05410_G2102CC0600", 1.381, 1.883, 116.9927, 85.79462, 19.9 
5343, "Transformer.05410_G2100DL9800", 2.071, 2.824, 107.7528, 79.01875, 19.9 
5343, "Transformer.05410_G2100EN2200", 2.761, 3.765, 112.4289, 82.44789, 19.9 
5343, "Transformer.05410_G2100GI2700", 1.381, 1.883, 185.5828, 136.0941, 19.9 
5343, "Transformer.05410_G2100NJ7400", 1.381, 1.883, 213.5984, 156.6388, 19.9 
5343, "Transformer.05410_G2101BC7200", 7.217, 9.841, 108.3917, 79.48727, 7.62 
5343, "Transformer.05410_G2102CC0600", 1.381, 1.883, 110.0428, 80.69805, 19.9 
5344, "Transformer.05410_G2100EN2200", 2.761, 3.765, 103.0164, 75.54535, 19.9 
5344, "Transformer.05410_G2100GI2700", 1.381, 1.883, 169.9755, 124.6487, 19.9 
5344, "Transformer.05410_G2100NJ7400", 1.381, 1.883, 193.1138, 141.6168, 19.9 
5345, "Transformer.05410_G2100EN2200", 2.761, 3.765, 103.0232, 75.55032, 19.9 
5345, "Transformer.05410_G2100GI2700", 1.381, 1.883, 169.9848, 124.6556, 19.9 
5345, "Transformer.05410_G2100NJ7400", 1.381, 1.883, 194.9529, 142.9655, 19.9 
5345, "Transformer.05410_G2102CC0600", 1.381, 1.883, 100.4778, 73.68371, 19.9 
5346, "Transformer.05410_G2100EN2200", 2.761, 3.765, 100.8943, 73.98918, 19.9 
5346, "Transformer.05410_G2100GI2700", 1.381, 1.883, 166.4691, 122.0774, 19.9 
5346, "Transformer.05410_G2100NJ7400", 1.381, 1.883, 191.6761, 140.5625, 19.9 
5347, "Transformer.05410_G2100GI2700", 1.381, 1.883, 164.1711, 120.3921, 19.9 
5347, "Transformer.05410_G2100NJ7400", 1.381, 1.883, 185.5878, 136.0977, 19.9 
5348, "Transformer.05410_G2100GI2700", 1.381, 1.883, 161.6967, 118.5776, 19.9 
5348, "Transformer.05410_G2100NJ7400", 1.381, 1.883, 186.2332, 136.571, 19.9 
5349, "Transformer.05410_G2100GI2700", 1.381, 1.883, 152.0889, 111.5318, 19.9 
5349, "Transformer.05410_G2100NJ7400", 1.381, 1.883, 177.5927, 130.2346, 19.9 
5350, "Transformer.05410_G2100GI2700", 1.381, 1.883, 137.4188, 100.7738, 19.9 
5350, "Transformer.05410_G2100NJ7400", 1.381, 1.883, 161.8431, 118.6849, 19.9 
5351, "Transformer.05410_G2100GI2700", 1.381, 1.883, 121.0345, 88.7586, 19.9 
5351, "Transformer.05410_G2100NJ7400", 1.381, 1.883, 145.9713, 107.0456, 19.9 
5352, "Transformer.05410_G2100GI2700", 1.381, 1.883, 110.1972, 80.81129, 19.9 
5352, "Transformer.05410_G2100NJ7400", 1.381, 1.883, 131.5635, 96.47986, 19.9 
5353, "Transformer.05410_G2100GI2700", 1.381, 1.883, 101.392, 74.35416, 19.9 
5353, "Transformer.05410_G2100NJ7400", 1.381, 1.883, 120.5417, 88.39723, 19.9 
5354, "Transformer.05410_G2100NJ7400", 1.381, 1.883, 113.7775, 83.43684, 19.9 
5355, "Transformer.05410_G2100NJ7400", 1.381, 1.883, 110.9031, 81.32893, 19.9 
5356, "Transformer.05410_G2100NJ7400", 1.381, 1.883, 109.3025, 80.15513, 19.9 
5357, "Transformer.05410_G2100NJ7400", 1.381, 1.883, 114.3368, 83.84701, 19.9 
5358, "Transformer.05410_G2100GI2700", 1.381, 1.883, 107.8126, 79.06256, 19.9 
5358, "Transformer.05410_G2100NJ7400", 1.381, 1.883, 126.4234, 92.7105, 19.9 
5359, "Transformer.05410_G2100GI2700", 1.381, 1.883, 114.1916, 83.74052, 19.9 
5359, "Transformer.05410_G2100NJ7400", 1.381, 1.883, 131.9233, 96.74374, 19.9 
5360, "Transformer.05410_G2100GI2700", 1.381, 1.883, 118.326, 86.7724, 19.9 
5360, "Transformer.05410_G2100NJ7400", 1.381, 1.883, 140.9671, 103.3759, 19.9 
5361, "Transformer.05410_G2100GI2700", 1.381, 1.883, 130.3769, 95.60969, 19.9 
5361, "Transformer.05410_G2100NJ7400", 1.381, 1.883, 155.7334, 114.2045, 19.9 
5362, "Transformer.05410_G2100GI2700", 1.381, 1.883, 146.4015, 107.3611, 19.9 
5362, "Transformer.05410_G2100NJ7400", 1.381, 1.883, 173.1106, 126.9478, 19.9 
5363, "Transformer.05410_G2100EN2200", 2.761, 3.765, 100.6096, 73.78034, 19.9 
5363, "Transformer.05410_G2100GI2700", 1.381, 1.883, 166.0125, 121.7425, 19.9 
5363, "Transformer.05410_G2100NJ7400", 1.381, 1.883, 195.4566, 143.3349, 19.9 
5363, "Transformer.05410_G2102CC0600", 1.381, 1.883, 100.7239, 73.86417, 19.9 
5364, "Transformer.05410_G2100DL9800", 2.071, 2.824, 105.039, 77.02862, 19.9 
5364, "Transformer.05410_G2100EN2200", 2.761, 3.765, 108.3777, 79.47697, 19.9 
5364, "Transformer.05410_G2100GI2700", 1.381, 1.883, 178.8815, 131.1798, 19.9 
5364, "Transformer.05410_G2100NJ7400", 1.381, 1.883, 209.5296, 153.6551, 19.9 
5364, "Transformer.05410_G2101BC7200", 7.217, 9.841, 106.3288, 77.97445, 7.62 
5364, "Transformer.05410_G2102CC0600", 1.381, 1.883, 107.9492, 79.16271, 19.9 
5365, "Transformer.05410_G2100DL9800", 2.071, 2.824, 109.9323, 80.61701, 19.9 
5365, "Transformer.05410_G2100EN2200", 2.761, 3.765, 115.1295, 84.4283, 19.9 
5365, "Transformer.05410_G2100GI2700", 1.381, 1.883, 190.0774, 139.3901, 19.9 
5365, "Transformer.05410_G2100NJ7400", 1.381, 1.883, 220.1151, 161.4178, 19.9 
5365, "Transformer.05410_G2101BC7200", 7.217, 9.841, 111.6695, 81.89098, 7.62 
5365, "Transformer.05410_G2102CC0600", 1.381, 1.883, 113.3821, 83.14689, 19.9 
5366, "Transformer.05410_G2100DL9800", 2.071, 2.824, 110.9976, 81.39824, 19.9 
5366, "Transformer.05410_G2100EN2200", 2.761, 3.765, 116.2546, 85.25339, 19.9 
5366, "Transformer.05410_G2100GI2700", 1.381, 1.883, 191.9413, 140.7569, 19.9 
5366, "Transformer.05410_G2100NJ7400", 1.381, 1.883, 221.0323, 162.0903, 19.9 
5366, "Transformer.05410_G2101BC7200", 7.217, 9.841, 112.1319, 82.23005, 7.62 
5366, "Transformer.05410_G2102CC0600", 1.381, 1.883, 113.8524, 83.49174, 19.9 
5367, "Transformer.05410_G2100DL9800", 2.071, 2.824, 111.1222, 81.4896, 19.9 
5367, "Transformer.05410_G2100EN2200", 2.761, 3.765, 117.2847, 86.00879, 19.9 
5367, "Transformer.05410_G2100GI2700", 1.381, 1.883, 193.6503, 142.0102, 19.9 
5367, "Transformer.05410_G2100NJ7400", 1.381, 1.883, 222.2379, 162.9744, 19.9 
5367, "Transformer.05410_G2101BC7200", 7.217, 9.841, 112.7404, 82.67629, 7.62 
5367, "Transformer.05410_G2102CC0600", 1.381, 1.883, 114.4713, 83.94562, 19.9 
5368, "Transformer.05410_G2100DL9800", 2.071, 2.824, 113.1165, 82.95212, 19.9 
5368, "Transformer.05410_G2100EN2200", 2.761, 3.765, 117.7291, 86.33469, 19.9 
5368, "Transformer.05410_G2100GI2700", 1.381, 1.883, 194.3914, 142.5537, 19.9 
5368, "Transformer.05410_G2100NJ7400", 1.381, 1.883, 221.3787, 162.3444, 19.9 
5368, "Transformer.05410_G2101BC7200", 7.217, 9.841, 112.3026, 82.35525, 7.62 
5368, "Transformer.05410_G2102CC0600", 1.381, 1.883, 114.0277, 83.6203, 19.9 
5369, "Transformer.05410_G2100DL9800", 2.071, 2.824, 108.1475, 79.30817, 19.9 
5369, "Transformer.05410_G2100EN2200", 2.761, 3.765, 111.3341, 81.64504, 19.9 
5369, "Transformer.05410_G2100GI2700", 1.381, 1.883, 183.7842, 134.7751, 19.9 
5369, "Transformer.05410_G2100NJ7400", 1.381, 1.883, 211.5412, 155.1302, 19.9 
5369, "Transformer.05410_G2101BC7200", 7.217, 9.841, 107.3435, 78.71853, 7.62 
5369, "Transformer.05410_G2102CC0600", 1.381, 1.883, 108.9812, 79.91951, 19.9 
5370, "Transformer.05410_G2100EN2200", 2.761, 3.765, 103.0215, 75.54914, 19.9 
5370, "Transformer.05410_G2100GI2700", 1.381, 1.883, 169.9992, 124.6661, 19.9 
5370, "Transformer.05410_G2100NJ7400", 1.381, 1.883, 193.6723, 142.0264, 19.9 
5371, "Transformer.05410_G2100GI2700", 1.381, 1.883, 155.5775, 114.0902, 19.9 
5371, "Transformer.05410_G2100NJ7400", 1.381, 1.883, 177.9006, 130.4604, 19.9 
5372, "Transformer.05410_G2100GI2700", 1.381, 1.883, 148.7933, 109.1151, 19.9 
5372, "Transformer.05410_G2100NJ7400", 1.381, 1.883, 171.6061, 125.8445, 19.9 
5373, "Transformer.05410_G2100GI2700", 1.381, 1.883, 138.8856, 101.8494, 19.9 
5373, "Transformer.05410_G2100NJ7400", 1.381, 1.883, 162.2073, 118.952, 19.9 
5374, "Transformer.05410_G2100GI2700", 1.381, 1.883, 122.5457, 89.86682, 19.9 
5374, "Transformer.05410_G2100NJ7400", 1.381, 1.883, 146.7982, 107.652, 19.9 
5375, "Transformer.05410_G2100GI2700", 1.381, 1.883, 106.2106, 77.88777, 19.9 
5375, "Transformer.05410_G2100NJ7400", 1.381, 1.883, 126.2828, 92.60742, 19.9 
5376, "Transformer.05410_G2100NJ7400", 1.381, 1.883, 113.1961, 83.01044, 19.9 
5377, "Transformer.05410_G2100NJ7400", 1.381, 1.883, 103.9915, 76.2604, 19.9 
5382, "Transformer.05410_G2100NJ7400", 1.381, 1.883, 107.3314, 78.70966, 19.9 
5383, "Transformer.05410_G2100NJ7400", 1.381, 1.883, 115.3971, 84.62455, 19.9 
5384, "Transformer.05410_G2100GI2700", 1.381, 1.883, 106.0783, 77.79078, 19.9 
5384, "Transformer.05410_G2100NJ7400", 1.381, 1.883, 123.9736, 90.91399, 19.9 
5385, "Transformer.05410_G2100GI2700", 1.381, 1.883, 114.0583, 83.64277, 19.9 
5385, "Transformer.05410_G2100NJ7400", 1.381, 1.883, 132.4809, 97.15263, 19.9 
5386, "Transformer.05410_G2100GI2700", 1.381, 1.883, 125.4201, 91.97476, 19.9 
5386, "Transformer.05410_G2100NJ7400", 1.381, 1.883, 144.0103, 105.6075, 19.9 
5387, "Transformer.05410_G2100GI2700", 1.381, 1.883, 138.0133, 101.2098, 19.9 
5387, "Transformer.05410_G2100NJ7400", 1.381, 1.883, 160.0736, 117.3873, 19.9 
5388, "Transformer.05410_G2100GI2700", 1.381, 1.883, 149.2907, 109.4799, 19.9 
5388, "Transformer.05410_G2100NJ7400", 1.381, 1.883, 171.9284, 126.0809, 19.9 
5389, "Transformer.05410_G2100GI2700", 1.381, 1.883, 151.6211, 111.1888, 19.9 
5389, "Transformer.05410_G2100NJ7400", 1.381, 1.883, 173.0061, 126.8712, 19.9 
5390, "Transformer.05410_G2100GI2700", 1.381, 1.883, 150.5418, 110.3973, 19.9 
5390, "Transformer.05410_G2100NJ7400", 1.381, 1.883, 171.6945, 125.9093, 19.9 
5391, "Transformer.05410_G2100GI2700", 1.381, 1.883, 152.0723, 111.5197, 19.9 
5391, "Transformer.05410_G2100NJ7400", 1.381, 1.883, 173.534, 127.2583, 19.9 
5392, "Transformer.05410_G2100GI2700", 1.381, 1.883, 150.7141, 110.5237, 19.9 
5392, "Transformer.05410_G2100NJ7400", 1.381, 1.883, 169.3279, 124.1738, 19.9 
5393, "Transformer.05410_G2100GI2700", 1.381, 1.883, 144.4143, 105.9038, 19.9 
5393, "Transformer.05410_G2100NJ7400", 1.381, 1.883, 165.5274, 121.3867, 19.9 
5394, "Transformer.05410_G2100GI2700", 1.381, 1.883, 141.4878, 103.7577, 19.9 
5394, "Transformer.05410_G2100NJ7400", 1.381, 1.883, 162.7224, 119.3298, 19.9 
5395, "Transformer.05410_G2100GI2700", 1.381, 1.883, 135.806, 99.59107, 19.9 
5395, "Transformer.05410_G2100NJ7400", 1.381, 1.883, 156.6918, 114.9073, 19.9 
5396, "Transformer.05410_G2100GI2700", 1.381, 1.883, 131.3376, 96.31422, 19.9 
5396, "Transformer.05410_G2100NJ7400", 1.381, 1.883, 153.0901, 112.2661, 19.9 
5397, "Transformer.05410_G2100GI2700", 1.381, 1.883, 123.7934, 90.7818, 19.9 
5397, "Transformer.05410_G2100NJ7400", 1.381, 1.883, 143.275, 105.0683, 19.9 
5398, "Transformer.05410_G2100GI2700", 1.381, 1.883, 111.8861, 82.04981, 19.9 
5398, "Transformer.05410_G2100NJ7400", 1.381, 1.883, 128.2865, 94.07674, 19.9 
5399, "Transformer.05410_G2100NJ7400", 1.381, 1.883, 117.0766, 85.85617, 19.9 
5400, "Transformer.05410_G2100NJ7400", 1.381, 1.883, 104.5084, 76.63948, 19.9 
5408, "Transformer.05410_G2100NJ7400", 1.381, 1.883, 106.2514, 77.91772, 19.9 
5409, "Transformer.05410_G2100GI2700", 1.381, 1.883, 104.072, 76.31943, 19.9 
5409, "Transformer.05410_G2100NJ7400", 1.381, 1.883, 121.9622, 89.43894, 19.9 
5410, "Transformer.05410_G2100GI2700", 1.381, 1.883, 117.6161, 86.25178, 19.9 
5410, "Transformer.05410_G2100NJ7400", 1.381, 1.883, 137.4994, 100.8329, 19.9 
5411, "Transformer.05410_G2100GI2700", 1.381, 1.883, 128.4954, 94.22999, 19.9 
5411, "Transformer.05410_G2100NJ7400", 1.381, 1.883, 148.7896, 109.1124, 19.9 
5412, "Transformer.05410_G2100GI2700", 1.381, 1.883, 138.6524, 101.6784, 19.9 
5412, "Transformer.05410_G2100NJ7400", 1.381, 1.883, 157.3015, 115.3545, 19.9 
5413, "Transformer.05410_G2100GI2700", 1.381, 1.883, 146.2952, 107.2832, 19.9 
5413, "Transformer.05410_G2100NJ7400", 1.381, 1.883, 167.2909, 122.68, 19.9 
5414, "Transformer.05410_G2100GI2700", 1.381, 1.883, 153.4968, 112.5643, 19.9 
5414, "Transformer.05410_G2100NJ7400", 1.381, 1.883, 175.6056, 128.7774, 19.9 
5415, "Transformer.05410_G2100GI2700", 1.381, 1.883, 158.7271, 116.3999, 19.9 
5415, "Transformer.05410_G2100NJ7400", 1.381, 1.883, 181.7391, 133.2754, 19.9 
5416, "Transformer.05410_G2100GI2700", 1.381, 1.883, 161.7717, 118.6325, 19.9 
5416, "Transformer.05410_G2100NJ7400", 1.381, 1.883, 183.8515, 134.8245, 19.9 
5417, "Transformer.05410_G2100GI2700", 1.381, 1.883, 156.9574, 115.1021, 19.9 
5417, "Transformer.05410_G2100NJ7400", 1.381, 1.883, 178.3655, 130.8014, 19.9 
5418, "Transformer.05410_G2100GI2700", 1.381, 1.883, 150.1067, 110.0783, 19.9 
5418, "Transformer.05410_G2100NJ7400", 1.381, 1.883, 171.7793, 125.9715, 19.9 
5419, "Transformer.05410_G2100GI2700", 1.381, 1.883, 146.6404, 107.5363, 19.9 
5419, "Transformer.05410_G2100NJ7400", 1.381, 1.883, 169.2136, 124.09, 19.9 
5420, "Transformer.05410_G2100GI2700", 1.381, 1.883, 143.3751, 105.1418, 19.9 
5420, "Transformer.05410_G2100NJ7400", 1.381, 1.883, 165.794, 121.5822, 19.9 
5421, "Transformer.05410_G2100GI2700", 1.381, 1.883, 132.1713, 96.92562, 19.9 
5421, "Transformer.05410_G2100NJ7400", 1.381, 1.883, 153.7551, 112.7538, 19.9 
5422, "Transformer.05410_G2100GI2700", 1.381, 1.883, 119.1246, 87.35805, 19.9 
5422, "Transformer.05410_G2100NJ7400", 1.381, 1.883, 138.3412, 101.4502, 19.9 
5423, "Transformer.05410_G2100GI2700", 1.381, 1.883, 103.8287, 76.14105, 19.9 
5423, "Transformer.05410_G2100NJ7400", 1.381, 1.883, 120.2838, 88.20814, 19.9 
5424, "Transformer.05410_G2100NJ7400", 1.381, 1.883, 108.5984, 79.63884, 19.9 
5432, "Transformer.05410_G2100NJ7400", 1.381, 1.883, 102.5639, 75.21354, 19.9 
5433, "Transformer.05410_G2100NJ7400", 1.381, 1.883, 111.223, 81.5635, 19.9 
5434, "Transformer.05410_G2100GI2700", 1.381, 1.883, 103.9942, 76.26242, 19.9 
5434, "Transformer.05410_G2100NJ7400", 1.381, 1.883, 121.7243, 89.26446, 19.9 
5435, "Transformer.05410_G2100GI2700", 1.381, 1.883, 113.2103, 83.02089, 19.9 
5435, "Transformer.05410_G2100NJ7400", 1.381, 1.883, 130.2945, 95.54931, 19.9 
5436, "Transformer.05410_G2100GI2700", 1.381, 1.883, 123.2671, 90.39589, 19.9 
5436, "Transformer.05410_G2100NJ7400", 1.381, 1.883, 142.8381, 104.7479, 19.9 
5437, "Transformer.05410_G2100GI2700", 1.381, 1.883, 127.8531, 93.75891, 19.9 
5437, "Transformer.05410_G2100NJ7400", 1.381, 1.883, 148.1794, 108.6649, 19.9 
5438, "Transformer.05410_G2100GI2700", 1.381, 1.883, 130.0987, 95.40573, 19.9 
5438, "Transformer.05410_G2100NJ7400", 1.381, 1.883, 148.2784, 108.7375, 19.9 
5439, "Transformer.05410_G2100GI2700", 1.381, 1.883, 128.7586, 94.42294, 19.9 
5439, "Transformer.05410_G2100NJ7400", 1.381, 1.883, 147.7819, 108.3734, 19.9 
5440, "Transformer.05410_G2100GI2700", 1.381, 1.883, 131.0694, 96.11758, 19.9 
5440, "Transformer.05410_G2100NJ7400", 1.381, 1.883, 150.0677, 110.0496, 19.9 
5441, "Transformer.05410_G2100GI2700", 1.381, 1.883, 134.6216, 98.72251, 19.9 
5441, "Transformer.05410_G2100NJ7400", 1.381, 1.883, 155.7795, 114.2383, 19.9 
5442, "Transformer.05410_G2100GI2700", 1.381, 1.883, 136.6405, 100.203, 19.9 
5442, "Transformer.05410_G2100NJ7400", 1.381, 1.883, 157.452, 115.4648, 19.9 
5443, "Transformer.05410_G2100GI2700", 1.381, 1.883, 134.353, 98.5255, 19.9 
5443, "Transformer.05410_G2100NJ7400", 1.381, 1.883, 156.5459, 114.8004, 19.9 
5444, "Transformer.05410_G2100GI2700", 1.381, 1.883, 133.3569, 97.79504, 19.9 
5444, "Transformer.05410_G2100NJ7400", 1.381, 1.883, 155.2365, 113.8401, 19.9 
5445, "Transformer.05410_G2100GI2700", 1.381, 1.883, 126.629, 92.86128, 19.9 
5445, "Transformer.05410_G2100NJ7400", 1.381, 1.883, 148.7503, 109.0836, 19.9 
5446, "Transformer.05410_G2100GI2700", 1.381, 1.883, 114.6743, 84.09452, 19.9 
5446, "Transformer.05410_G2100NJ7400", 1.381, 1.883, 133.1607, 97.6512, 19.9 
5447, "Transformer.05410_G2100GI2700", 1.381, 1.883, 100.5103, 73.70754, 19.9 
5447, "Transformer.05410_G2100NJ7400", 1.381, 1.883, 118.2799, 86.73856, 19.9 
5448, "Transformer.05410_G2100NJ7400", 1.381, 1.8