"Hour", "kWh", "kvarh", "Max kW", "Max kVA", "Zone kWh", "Zone kvarh", "Zone Max kW", "Zone Max kVA", "Overload kWh Normal", "Overload kWh Emerg", "Load EEN", "Load UE", "Zone Losses kWh", "Zone Losses kvarh", "Zone Max kW Losses", "Zone Max kvar Losses", "Load Losses kWh", "Load Losses kvarh", "No Load Losses kWh", "No Load Losses kvarh", "Max kW Load Losses", "Max kW No Load Losses", "Line Losses", "Transformer Losses", "Line Mode Line Losses", "Zero Mode Line Losses", "3-phase Line Losses", "1- and 2-phase Line Losses", "Gen kWh", "Gen kvarh", "Gen Max kW", "Gen Max kVA", "", "", "", "", "", "", "", "", "", "", "", "", "", "", "", "", "", "", "", "", "", "", "", "", "", "", "", "", "", "", "", "", "", "", ""
5281, 10419.2, -2417.37, 10419.2, 10696, 10200, 2210.04, 10200, 10436.7, 0.835979, 0, 0.839334, 0, 219.254, -1079.86, 219.254, 1079.86, 88.4189, -1449.58, 130.835, 369.727, 88.4189, 130.835, 62.9027, 156.351, 50.1569, 0.51411, 50.671, 12.2317, 0, 0, 0, 0, 169.484, 6.53462, 34.1192, 9.11615, 0, 0, 0, 44.464, 6.53462, 2.78792, 9.11615, 0, 0, 0, 20.8058, 0, 4.71042, 0, 0, 0, 0, 104.214, 0, 26.6208, 0, 0, 0, 0, 0, 5955.37, 0, 4244.64, 0, 0, 0
5282, 9779.14, -2581.36, 10419.2, 10696, 9569.46, 2081.69, 10200, 10436.7, 0, 0, 0, 0, 209.512, -1106.12, 219.254, 1106.12, 78.3274, -1476.84, 131.185, 370.717, 88.4189, 131.185, 55.886, 153.626, 44.7357, 0.418888, 45.1546, 10.7314, 0, 0, 0, 0, 162.474, 5.71421, 33.3202, 8.00343, 0, 0, 0, 39.7026, 5.71421, 2.46572, 8.00343, 0, 0, 0, 18.2863, 0, 4.15506, 0, 0, 0, 0, 104.485, 0, 26.6994, 0, 0, 0, 0, 0, 5587.02, 0, 3982.44, 0, 0, 0
5283, 9362.75, -2687.27, 10419.2, 10696, 9159.03, 1995.98, 10200, 10436.7, 0, 0, 0, 0, 203.653, -1121.96, 219.254, 1121.96, 72.2529, -1493.28, 131.4, 371.325, 88.4189, 131.4, 51.672, 151.981, 41.4406, 0.386618, 41.8272, 9.8448, 0, 0, 0, 0, 158.259, 5.23867, 32.8366, 7.31839, 0, 0, 0, 36.8487, 5.23867, 2.26621, 7.31839, 0, 0, 0, 16.7604, 0, 3.82051, 0, 0, 0, 0, 104.65, 0, 26.7499, 0, 0, 0, 0, 0, 5347.65, 0, 3811.38, 0, 0, 0
5284, 9148.8, -2741.85, 10419.2, 10696, 8948.09, 1951.93, 10200, 10436.7, 0, 0, 0, 0, 200.697, -1130.09, 219.254, 1130.09, 69.1765, -1501.75, 131.52, 371.667, 88.4189, 131.52, 49.5279, 151.169, 39.7938, 0.348428, 40.1423, 9.38567, 0, 0, 0, 0, 156.126, 4.98184, 32.6099, 6.97931, 0, 0, 0, 35.391, 4.98184, 2.17578, 6.97931, 0, 0, 0, 15.9903, 0, 3.65826, 0, 0, 0, 0, 104.745, 0, 26.7759, 0, 0, 0, 0, 0, 5224.33, 0, 3723.76, 0, 0, 0
5285, 9637.99, -2617.5, 10419.2, 10696, 9430.6, 2051.12, 10200, 10436.7, 0, 0, 0, 0, 207.487, -1111.78, 219.254, 1130.09, 76.2132, -1482.75, 131.274, 370.97, 88.4189, 131.52, 54.4052, 153.082, 43.5868, 0.395144, 43.982, 10.4233, 0, 0, 0, 0, 161.003, 5.54194, 33.1748, 7.76734, 0, 0, 0, 38.689, 5.54194, 2.40698, 7.76734, 0, 0, 0, 17.7588, 0, 4.04918, 0, 0, 0, 0, 104.555, 0, 26.7186, 0, 0, 0, 0, 0, 5505.95, 0, 3924.66, 0, 0, 0
5286, 10777.1, -2325.98, 10777.1, 11025.2, 10552.3, 2282.69, 10552.3, 10796.3, 1.32405, 0, 1.35159, 0, 224.798, -1065.09, 224.798, 1130.09, 94.1434, -1434.31, 130.654, 369.217, 94.1434, 131.52, 66.8495, 157.948, 53.3045, 0.494241, 53.7988, 13.0508, 0, 0, 0, 0, 173.447, 6.9492, 34.6278, 9.77358, 0, 0, 0, 47.1219, 6.9492, 3.00481, 9.77358, 0, 0, 0, 22.2452, 0, 5.04871, 0, 0, 0, 0, 104.08, 0, 26.5743, 0, 0, 0, 0, 0, 6160.37, 0, 4391.89, 0, 0, 0
5287, 12073.4, -1991.55, 12073.4, 12236.6, 11826.3, 2540.93, 11826.3, 12096.2, 4.96975, 0, 6.66276, 0, 247.188, -1005.46, 247.188, 1130.09, 117.256, -1372.63, 129.933, 367.175, 117.256, 131.52, 82.9456, 164.243, 65.8976, 0.628362, 66.5259, 16.4196, 0, 0, 0, 0, 189.594, 8.75594, 36.4914, 12.3469, 0, 0, 0, 58.079, 8.75594, 3.76364, 12.3469, 0, 0, 0, 27.9894, 0, 6.3206, 0, 0, 0, 0, 103.525, 0, 26.4072, 0, 0, 0, 0, 0, 6903.71, 0, 4922.58, 0, 0, 0
5288, 13087.9, -1726.97, 13087.9, 13201.3, 12820.9, 2738.32, 12820.9, 13110, 8.24584, 0, 13.5658, 0, 267.027, -952.772, 267.027, 1130.09, 137.717, -1318.19, 129.31, 365.414, 137.717, 131.52, 97.2304, 169.797, 76.9684, 0.814545, 77.7829, 19.4475, 0, 0, 0, 0, 203.906, 10.4051, 38.138, 14.5782, 0, 0, 0, 67.8253, 10.4051, 4.42175, 14.5782, 0, 0, 0, 33.0386, 0, 7.44771, 0, 0, 0, 0, 103.042, 0, 26.2686, 0, 0, 0, 0, 0, 7484.79, 0, 5336.09, 0, 0, 0
5289, 14671.1, -1311.85, 14671.1, 14729.6, 14369.8, 3041.52, 14369.8, 14688.1, 13.2147, 3.22328, 26.7438, 3.3777, 301.418, -862.813, 301.418, 1130.09, 173.052, -1225.56, 128.366, 362.742, 173.052, 131.52, 121.989, 179.429, 96.2697, 1.11672, 97.3864, 24.6025, 0, 0, 0, 0, 228.832, 13.207, 40.9303, 18.4486, 0, 0, 0, 84.8034, 13.207, 5.52994, 18.4486, 0, 0, 0, 41.719, 0, 9.34402, 0, 0, 0, 0, 102.31, 0, 26.0563, 0, 0, 0, 0, 0, 8388.99, 0, 5980.78, 0, 0, 0
5290, 16394.3, -854.811, 16394.3, 16416.6, 16050.8, 3360.19, 16050.8, 16398.7, 17.9903, 8.04119, 43.5617, 10.3613, 343.747, -751.891, 343.747, 1130.09, 216.532, -1111.38, 127.215, 359.486, 216.532, 131.52, 152.463, 191.284, 120.197, 1.37924, 121.576, 30.8865, 0, 0, 0, 0, 259.508, 16.5758, 44.4327, 23.2298, 0, 0, 0, 105.721, 16.5758, 6.93635, 23.2298, 0, 0, 0, 52.3676, 0, 11.7014, 0, 0, 0, 0, 101.42, 0, 25.795, 0, 0, 0, 0, 0, 9369.67, 0, 6681.12, 0, 0, 0
5291, 17989.7, -443.937, 17989.7, 17995.2, 17603.4, 3706.06, 17603.4, 17989.3, 22.359, 12.3863, 61.1585, 21.1586, 386.158, -663.205, 386.158, 1130.09, 258.236, -1024.69, 127.922, 361.48, 258.236, 131.52, 181.725, 204.433, 143.191, 1.64475, 144.835, 36.8894, 0, 0, 0, 0, 290.423, 19.8047, 48.105, 27.8259, 0, 0, 0, 125.835, 19.8047, 8.25892, 27.8259, 0, 0, 0, 62.5812, 0, 13.9305, 0, 0, 0, 0, 102.006, 0, 25.9155, 0, 0, 0, 0, 0, 10275.4, 0, 7328, 0, 0, 0
5292, 19440.6, -50.2599, 19440.6, 19440.6, 19011.1, 3968.96, 19011.1, 19420.9, 25.6189, 15.6749, 79.0339, 31.7354, 429.642, -552.998, 429.642, 1130.09, 302.567, -912.086, 127.075, 359.087, 302.567, 131.52, 212.694, 216.948, 167.587, 1.78435, 169.372, 43.3227, 0, 0, 0, 0, 321.788, 23.1836, 51.9929, 32.6778, 0, 0, 0, 147.017, 23.1836, 9.81578, 32.6778, 0, 0, 0, 73.4105, 0, 16.4622, 0, 0, 0, 0, 101.36, 0, 25.7149, 0, 0, 0, 0, 0, 11096.6, 0, 7914.46, 0, 0, 0
5293, 20470, 221.621, 20470, 20471.2, 20009.2, 4213.05, 20009.2, 20447.9, 28.2706, 18.2911, 98.9746, 39.883, 460.549, -494.385, 460.549, 1130.09, 332.457, -856.345, 128.092, 361.96, 332.457, 131.52, 233.626, 226.924, 184.016, 1.95598, 185.972, 47.6537, 0, 0, 0, 0, 344.282, 25.5001, 54.811, 35.956, 0, 0, 0, 161.369, 25.5001, 10.8002, 35.956, 0, 0, 0, 80.7268, 0, 18.1046, 0, 0, 0, 0, 102.186, 0, 25.9062, 0, 0, 0, 0, 0, 11679, 0, 8330.15, 0, 0, 0
5294, 21624.9, 541.859, 21624.9, 21631.7, 21125.3, 4417.38, 21125.3, 21582.2, 31.5861, 21.6336, 128.447, 50.9437, 499.727, -395.746, 499.727, 1130.09, 372.332, -755.735, 127.395, 359.989, 372.332, 131.52, 261.682, 238.045, 206.068, 2.2173, 208.285, 53.3963, 0, 0, 0, 0, 372.774, 28.5843, 58.0669, 40.3017, 0, 0, 0, 180.722, 28.5843, 12.0739, 40.3017, 0, 0, 0, 90.4047, 0, 20.2454, 0, 0, 0, 0, 101.647, 0, 25.7476, 0, 0, 0, 0, 0, 12330.3, 0, 8795.05, 0, 0, 0
5295, 22145.8, 686.899, 22145.8, 22156.4, 21627.8, 4507.93, 21627.8, 22092.6, 32.8476, 22.9069, 142.42, 56.1655, 518.086, -349.25, 518.086, 1130.09, 391.033, -708.273, 127.054, 359.023, 391.033, 131.52, 274.822, 243.265, 216.478, 2.28241, 218.761, 56.0609, 0, 0, 0, 0, 386.111, 29.9904, 59.6262, 42.3592, 0, 0, 0, 189.778, 29.9904, 12.6946, 42.3592, 0, 0, 0, 94.9478, 0, 21.2631, 0, 0, 0, 0, 101.385, 0, 25.6685, 0, 0, 0, 0, 0, 12623.2, 0, 9004.59, 0, 0, 0
5296, 22587.3, 805.044, 22587.3, 22601.6, 22055.8, 4653.21, 22055.8, 22541.3, 34.1252, 24.1364, 151.828, 59.6485, 531.189, -336.311, 531.189, 1130.09, 402.736, -699.286, 128.452, 362.975, 402.736, 131.52, 282.987, 248.202, 222.756, 2.41363, 225.17, 57.8168, 0, 0, 0, 0, 395.674, 30.9566, 60.9374, 43.6205, 0, 0, 0, 195.338, 30.9566, 13.0715, 43.6205, 0, 0, 0, 97.8327, 0, 21.9171, 0, 0, 0, 0, 102.504, 0, 25.9487, 0, 0, 0, 0, 0, 12873.3, 0, 9182.45, 0, 0, 0
5297, 22393.4, 750.57, 22587.3, 22601.6, 21869, 4619.73, 22055.8, 22541.3, 33.1494, 23.1526, 144.238, 56.5142, 524.336, -354.266, 531.189, 1130.09, 395.712, -717.728, 128.624, 363.462, 402.736, 131.52, 277.884, 246.453, 218.682, 2.30871, 220.991, 56.8929, 0, 0, 0, 0, 390.477, 30.4179, 60.6144, 42.8268, 0, 0, 0, 191.682, 30.4179, 12.9572, 42.8268, 0, 0, 0, 96.1547, 0, 21.6737, 0, 0, 0, 0, 102.641, 0, 25.9835, 0, 0, 0, 0, 0, 12764.6, 0, 9104.44, 0, 0, 0
5298, 21858, 599.967, 22587.3, 22601.6, 21352.9, 4525.5, 22055.8, 22541.3, 31.7246, 21.7149, 130.453, 51.4786, 505.156, -402.525, 531.189, 1130.09, 376.191, -766.951, 128.965, 364.426, 402.736, 131.52, 264.206, 240.95, 207.977, 2.19112, 210.168, 54.0371, 0, 0, 0, 0, 376.615, 28.8966, 58.9241, 40.7202, 0, 0, 0, 182.297, 28.8966, 12.2915, 40.7202, 0, 0, 0, 91.4139, 0, 20.5712, 0, 0, 0, 0, 102.904, 0, 26.0614, 0, 0, 0, 0, 0, 12463.3, 0, 8889.58, 0, 0, 0
5299, 21028.7, 367.748, 22587.3, 22601.6, 20552, 4378.51, 22055.8, 22541.3, 29.402, 19.3717, 108.714, 43.3109, 476.814, -474.567, 531.189, 1130.09, 347.292, -840.569, 129.522, 366.002, 402.736, 131.52, 243.868, 232.946, 191.947, 2.02473, 193.972, 49.8962, 0, 0, 0, 0, 355.996, 26.6805, 56.5799, 37.5579, 0, 0, 0, 168.263, 26.6805, 11.3673, 37.5579, 0, 0, 0, 84.3985, 0, 19.0251, 0, 0, 0, 0, 103.335, 0, 26.1875, 0, 0, 0, 0, 0, 11996.2, 0, 8555.84, 0, 0, 0
5300, 20096.1, 107.941, 22587.3, 22601.6, 19649.8, 4209.41, 22055.8, 22541.3, 27.2881, 17.2383, 87.3655, 35.4708, 446.471, -551.49, 531.189, 1130.09, 316.364, -919.144, 130.107, 367.654, 402.736, 131.52, 222.237, 224.234, 174.887, 1.92697, 176.814, 45.4229, 0, 0, 0, 0, 334.083, 24.3319, 53.8825, 34.1733, 0, 0, 0, 153.444, 24.3319, 10.2877, 34.1733, 0, 0, 0, 76.8574, 0, 17.2701, 0, 0, 0, 0, 103.782, 0, 26.3247, 0, 0, 0, 0, 0, 11470, 0, 8179.84, 0, 0, 0
5301, 18754.9, -264.272, 22587.3, 22601.6, 18350, 3966.71, 22055.8, 22541.3, 23.7971, 13.7126, 66.4399, 24.267, 405.662, -657.417, 531.189, 1130.09, 274.562, -1027.88, 131.1, 370.462, 402.736, 131.52, 192.881, 212.781, 151.703, 1.73833, 153.441, 39.4398, 0, 0, 0, 0, 304.456, 21.1503, 50.4845, 29.5709, 0, 0, 0, 133.235, 21.1503, 8.92428, 29.5709, 0, 0, 0, 66.6712, 0, 15.0102, 0, 0, 0, 0, 104.55, 0, 26.55, 0, 0, 0, 0, 0, 10712.1, 0, 7637.94, 0, 0, 0
5302, 16752.7, -815.038, 22587.3, 22601.6, 16403.7, 3588.7, 22055.8, 22541.3, 17.7102, 7.5759, 43.0162, 9.70515, 350.412, -799.858, 531.189, 1130.09, 218.014, -1173.99, 132.398, 374.134, 402.736, 132.398, 153.159, 197.252, 120.609, 1.30506, 121.914, 31.2447, 0, 0, 0, 0, 264.334, 16.7185, 45.9625, 23.3961, 0, 0, 0, 105.904, 16.7185, 7.14039, 23.3961, 0, 0, 0, 52.8734, 0, 11.9811, 0, 0, 0, 0, 105.557, 0, 26.8411, 0, 0, 0, 0, 0, 9576.2, 0, 6827.48, 0, 0, 0
5303, 14536.5, -1395.18, 22587.3, 22601.6, 14238.7, 3108.16, 22055.8, 22541.3, 11.7126, 1.59054, 23.0363, 1.6018, 297.81, -915.215, 531.189, 1130.09, 165.815, -1288.21, 131.995, 373, 402.736, 132.398, 116.704, 181.106, 92.0946, 0.982846, 93.0775, 23.6265, 0, 0, 0, 0, 226.225, 12.6354, 41.2903, 17.6596, 0, 0, 0, 80.9987, 12.6354, 5.41033, 17.6596, 0, 0, 0, 40.0241, 0, 9.08701, 0, 0, 0, 0, 105.202, 0, 26.793, 0, 0, 0, 0, 0, 8312.76, 0, 5925.98, 0, 0, 0
5304, 12762.7, -1867.56, 22587.3, 22601.6, 12501.8, 2754.58, 22055.8, 22541.3, 6.7891, 0, 10.0309, 0, 260.969, -1011.17, 531.189, 1130.09, 127.986, -1386.96, 132.983, 375.795, 402.736, 132.983, 90.3483, 170.621, 71.5548, 0.736151, 72.291, 18.0573, 0, 0, 0, 0, 199.697, 9.6509, 38.1097, 13.5115, 0, 0, 0, 63.052, 9.6509, 4.13393, 13.5115, 0, 0, 0, 30.6836, 0, 6.9542, 0, 0, 0, 0, 105.962, 0, 27.0216, 0, 0, 0, 0, 0, 7298.76, 0, 5203.05, 0, 0, 0
5305, 11766.1, -2101.43, 22587.3, 22601.6, 11523.7, 2516.38, 22055.8, 22541.3, 4.14865, 0, 4.63497, 0, 242.326, -1039.81, 531.189, 1130.09, 110.477, -1412.4, 131.849, 372.591, 402.736, 132.983, 78.1718, 164.154, 62.0455, 0.630262, 62.6758, 15.4961, 0, 0, 0, 0, 186.144, 8.2743, 36.3453, 11.5631, 0, 0, 0, 54.7782, 8.2743, 3.55628, 11.5631, 0, 0, 0, 26.3216, 0, 5.98368, 0, 0, 0, 0, 105.044, 0, 26.8053, 0, 0, 0, 0, 0, 6728.02, 0, 4795.72, 0, 0, 0
5306, 10927.6, -2319.85, 22587.3, 22601.6, 10699.3, 2348.5, 22055.8, 22541.3, 2.02875, 0, 2.11923, 0, 228.124, -1077.61, 531.189, 1130.09, 95.8154, -1451.5, 132.308, 373.89, 402.736, 132.983, 67.9997, 160.124, 54.0944, 0.562032, 54.6565, 13.3433, 0, 0, 0, 0, 175.949, 7.13017, 35.1136, 9.93154, 0, 0, 0, 47.8869, 7.13017, 3.05108, 9.93154, 0, 0, 0, 22.6668, 0, 5.14882, 0, 0, 0, 0, 105.395, 0, 26.9137, 0, 0, 0, 0, 0, 6247, 0, 4452.26, 0, 0, 0
5307, 10479.7, -2436.03, 22587.3, 22601.6, 10258.7, 2256.07, 22055.8, 22541.3, 0.642802, 0, 0.64104, 0, 220.924, -1096.83, 531.189, 1130.09, 88.3744, -1471.41, 132.55, 374.573, 402.736, 132.983, 62.8332, 158.091, 50.1025, 0.497426, 50.5999, 12.2333, 0, 0, 0, 0, 170.779, 6.52758, 34.5035, 9.11398, 0, 0, 0, 44.3867, 6.52758, 2.80495, 9.11398, 0, 0, 0, 20.8112, 0, 4.72991, 0, 0, 0, 0, 105.581, 0, 26.9686, 0, 0, 0, 0, 0, 5989.62, 0, 4269.06, 0, 0, 0
5308, 10309.4, -2480.32, 22587.3, 22601.6, 10091.1, 2220.77, 22055.8, 22541.3, 0.00294736, 0, 0.0028749, 0, 218.29, -1104.06, 531.189, 1130.09, 85.6358, -1478.93, 132.654, 374.869, 402.736, 132.983, 60.92, 157.37, 48.6254, 0.465922, 49.0913, 11.8287, 0, 0, 0, 0, 168.874, 6.30273, 34.3018, 8.81192, 0, 0, 0, 43.0812, 6.30273, 2.72413, 8.81192, 0, 0, 0, 20.1294, 0, 4.58642, 0, 0, 0, 0, 105.663, 0, 26.9913, 0, 0, 0, 0, 0, 5891.7, 0, 4199.37, 0, 0, 0
5309, 10888.1, -2329.9, 22587.3, 22601.6, 10660.9, 2337.14, 22055.8, 22541.3, 1.73348, 0, 1.79375, 0, 227.321, -1079.59, 531.189, 1130.09, 94.9973, -1453.53, 132.324, 373.934, 402.736, 132.983, 67.439, 159.882, 53.7186, 0.528089, 54.2467, 13.1922, 0, 0, 0, 0, 175.391, 7.03996, 35.0291, 9.86078, 0, 0, 0, 47.5165, 7.03996, 3.02168, 9.86078, 0, 0, 0, 22.4667, 0, 5.0917, 0, 0, 0, 0, 105.408, 0, 26.9157, 0, 0, 0, 0, 0, 6224.15, 0, 4436.79, 0, 0, 0
5310, 12009.1, -2037.98, 22587.3, 22601.6, 11762.7, 2565.43, 22055.8, 22541.3, 4.83681, 0, 5.99619, 0, 246.406, -1028.69, 531.189, 1130.09, 114.705, -1400.86, 131.701, 372.172, 402.736, 132.983, 81.1656, 165.24, 64.4755, 0.635947, 65.1114, 16.0542, 0, 0, 0, 0, 189.163, 8.5737, 36.6044, 12.0646, 0, 0, 0, 56.8626, 8.5737, 3.6647, 12.0646, 0, 0, 0, 27.3706, 0, 6.16889, 0, 0, 0, 0, 104.93, 0, 26.7708, 0, 0, 0, 0, 0, 6866.8, 0, 4895.92, 0, 0, 0
5311, 12795.2, -1830.98, 22587.3, 22601.6, 12534.1, 2720.94, 22055.8, 22541.3, 7.10193, 0, 11.1839, 0, 261.161, -989.01, 531.189, 1130.09, 129.963, -1359.76, 131.198, 370.748, 402.736, 132.983, 91.8047, 169.356, 72.7834, 0.735979, 73.5194, 18.2854, 0, 0, 0, 0, 199.805, 9.77387, 37.8305, 13.7515, 0, 0, 0, 64.1151, 9.77387, 4.16431, 13.7515, 0, 0, 0, 31.1485, 0, 7.00954, 0, 0, 0, 0, 104.541, 0, 26.6566, 0, 0, 0, 0, 0, 7317.01, 0, 5217.08, 0, 0, 0
5312, 14013.4, -1509.08, 22587.3, 22601.6, 13727, 2959.19, 22055.8, 22541.3, 11.2862, 1.22043, 20.7496, 1.21793, 286.45, -922.461, 531.189, 1130.09, 155.989, -1291.12, 130.461, 368.662, 402.736, 132.983, 110.036, 176.413, 86.9015, 1.01422, 87.9157, 22.1208, 0, 0, 0, 0, 218.122, 11.8811, 39.863, 16.5833, 0, 0, 0, 76.6066, 11.8811, 4.9655, 16.5833, 0, 0, 0, 37.549, 0, 8.40327, 0, 0, 0, 0, 103.967, 0, 26.4943, 0, 0, 0, 0, 0, 8013.93, 0, 5713.06, 0, 0, 0
5313, 15604.9, -1085.35, 22587.3, 22601.6, 15281.9, 3263.47, 22055.8, 22541.3, 15.8573, 5.82886, 34.8852, 6.4831, 323.147, -826.499, 531.189, 1130.09, 193.683, -1192.34, 129.464, 365.843, 402.736, 132.983, 136.415, 186.732, 107.513, 1.28405, 108.797, 27.6179, 0, 0, 0, 0, 244.671, 14.8422, 42.9206, 20.7128, 0, 0, 0, 94.6723, 14.8422, 6.18789, 20.7128, 0, 0, 0, 46.8026, 0, 10.4648, 0, 0, 0, 0, 103.196, 0, 26.2679, 0, 0, 0, 0, 0, 8921.47, 0, 6360.47, 0, 0, 0
5314, 17647.9, -536.603, 22587.3, 22601.6, 17271.4, 3643.58, 22055.8, 22541.3, 21.8535, 11.8739, 57.315, 18.7804, 376.717, -688.112, 531.189, 1130.09, 248.537, -1050.32, 128.181, 362.212, 402.736, 132.983, 174.952, 201.766, 137.735, 1.68314, 139.418, 35.5336, 0, 0, 0, 0, 283.602, 19.1157, 47.273, 26.7269, 0, 0, 0, 121.198, 19.1157, 7.9106, 26.7269, 0, 0, 0, 60.1999, 0, 13.385, 0, 0, 0, 0, 102.203, 0, 25.9775, 0, 0, 0, 0, 0, 10082.2, 0, 7189.23, 0, 0, 0
5315, 19441.4, -50.5224, 22587.3, 22601.6, 19012, 3970.14, 22055.8, 22541.3, 26.574, 16.6328, 81.0904, 33.0003, 429.668, -553.431, 531.189, 1130.09, 302.554, -912.627, 127.114, 359.196, 402.736, 132.983, 212.895, 216.773, 167.662, 1.95792, 169.62, 43.2745, 0, 0, 0, 0, 322.074, 23.2455, 51.6805, 32.6683, 0, 0, 0, 147.324, 23.2455, 9.65688, 32.6683, 0, 0, 0, 73.3655, 0, 16.2932, 0, 0, 0, 0, 101.384, 0, 25.7305, 0, 0, 0, 0, 0, 11097.3, 0, 7914.73, 0, 0, 0
5316, 21077.8, 389.688, 22587.3, 22601.6, 20596.8, 4323.6, 22055.8, 22541.3, 30.7422, 20.7785, 116.222, 46.6314, 480.825, -443.88, 531.189, 1130.09, 353.051, -804.937, 127.774, 361.057, 402.736, 132.983, 248.284, 232.541, 195.468, 2.23232, 197.7, 50.5837, 0, 0, 0, 0, 359.243, 27.146, 56.2408, 38.1946, 0, 0, 0, 171.614, 27.146, 11.3287, 38.1946, 0, 0, 0, 85.6937, 0, 19.0736, 0, 0, 0, 0, 101.935, 0, 25.8384, 0, 0, 0, 0, 0, 12022, 0, 8574.8, 0, 0, 0
5317, 22309.8, 732.53, 22587.3, 22601.6, 21786, 4538.12, 22055.8, 22541.3, 33.5057, 23.5683, 147.625, 58.2107, 523.901, -335.14, 531.189, 1130.09, 396.906, -693.997, 126.995, 358.857, 402.736, 132.983, 279.011, 244.89, 219.769, 2.35603, 222.125, 56.886, 0, 0, 0, 0, 390.416, 30.4535, 60.0288, 43.0024, 0, 0, 0, 192.715, 30.4535, 12.841, 43.0024, 0, 0, 0, 96.3624, 0, 21.5321, 0, 0, 0, 0, 101.339, 0, 25.6557, 0, 0, 0, 0, 0, 12715.5, 0, 9070.53, 0, 0, 0
5318, 23322, 1012.15, 23322, 23343.9, 22763.5, 4782.69, 22763.5, 23260.5, 36.3728, 26.4013, 176.21, 68.3114, 558.111, -268.809, 558.111, 1130.09, 430.101, -630.531, 128.01, 361.723, 430.101, 132.983, 302.351, 255.76, 238.07, 2.60397, 240.673, 61.677, 0, 0, 0, 0, 415.406, 33.0447, 63.0291, 46.6309, 0, 0, 0, 208.794, 33.0447, 13.8813, 46.6309, 0, 0, 0, 104.451, 0, 23.2989, 0, 0, 0, 0, 102.161, 0, 25.8489, 0, 0, 0, 0, 0, 13286, 0, 9477.58, 0, 0, 0
5319, 23775.8, 1140.73, 23775.8, 23803.1, 23200.4, 4859.09, 23200.4, 23703.8, 37.3449, 27.3835, 199.572, 72.9171, 575.437, -225.178, 575.437, 1130.09, 447.73, -586.047, 127.708, 360.869, 447.73, 132.983, 314.688, 260.75, 247.814, 2.64874, 250.463, 64.2246, 0, 0, 0, 0, 427.917, 34.3764, 64.59, 48.5537, 0, 0, 0, 217.253, 34.3764, 14.505, 48.5537, 0, 0, 0, 108.735, 0, 24.3069, 0, 0, 0, 0, 101.93, 0, 25.7782, 0, 0, 0, 0, 0, 13540.8, 0, 9659.62, 0, 0, 0
5320, 23939, 1187.16, 23939, 23968.5, 23357.9, 4886.21, 23357.9, 23863.5, 37.3824, 27.4226, 209.027, 73.9409, 581.795, -209.437, 581.795, 1130.09, 454.177, -570.052, 127.618, 360.615, 454.177, 132.983, 319.101, 262.694, 251.302, 2.6059, 253.907, 65.1933, 0, 0, 0, 0, 432.38, 34.8486, 65.3161, 49.2501, 0, 0, 0, 220.197, 34.8486, 14.8052, 49.2501, 0, 0, 0, 110.32, 0, 24.7569, 0, 0, 0, 0, 101.864, 0, 25.754, 0, 0, 0, 0, 0, 13632.6, 0, 9725.22, 0, 0, 0
5321, 23655.9, 1106.62, 23939, 23968.5, 23085.2, 4841.4, 23357.9, 23863.5, 36.5955, 26.6268, 193.284, 70.7848, 570.704, -237.843, 581.795, 1130.09, 442.852, -599.118, 127.851, 361.276, 454.177, 132.983, 311.135, 259.568, 245.04, 2.53762, 247.578, 63.5575, 0, 0, 0, 0, 424.329, 33.9743, 64.3784, 48.0223, 0, 0, 0, 214.705, 33.9743, 14.4342, 48.0223, 0, 0, 0, 107.579, 0, 24.1383, 0, 0, 0, 0, 102.045, 0, 25.8058, 0, 0, 0, 0, 0, 13473.5, 0, 9611.67, 0, 0, 0
5322, 23446.8, 1047.37, 23939, 23968.5, 22882.8, 4809.73, 23357.9, 23863.5, 36.1464, 26.1722, 183.638, 68.086, 562.96, -258.029, 581.795, 1130.09, 434.928, -619.818, 128.033, 361.789, 454.177, 132.983, 305.523, 257.438, 240.488, 2.54184, 243.03, 62.4923, 0, 0, 0, 0, 418.633, 33.4204, 63.7883, 47.1183, 0, 0, 0, 210.791, 33.4204, 14.193, 47.1183, 0, 0, 0, 105.657, 0, 23.7479, 0, 0, 0, 0, 102.185, 0, 25.8474, 0, 0, 0, 0, 0, 13355.9, 0, 9526.95, 0, 0, 0
5323, 22741.2, 848.353, 23939, 23968.5, 22204.3, 4684.43, 23357.9, 23863.5, 33.8835, 23.8908, 153.778, 59.6047, 536.87, -323.857, 581.795, 1130.09, 408.375, -686.956, 128.496, 363.099, 454.177, 132.983, 286.715, 250.156, 225.618, 2.34805, 227.966, 58.7484, 0, 0, 0, 0, 399.495, 31.387, 61.7903, 44.1986, 0, 0, 0, 197.709, 31.387, 13.4201, 44.1986, 0, 0, 0, 99.2401, 0, 22.4199, 0, 0, 0, 0, 102.545, 0, 25.9503, 0, 0, 0, 0, 0, 12960.3, 0, 9244.08, 0, 0, 0
5324, 22144.5, 680.365, 23939, 23968.5, 21629.1, 4580.42, 23357.9, 23863.5, 32.7742, 22.7693, 137.672, 54.1094, 515.424, -378.211, 581.795, 1130.09, 386.525, -742.448, 128.899, 364.237, 454.177, 132.983, 271.461, 243.962, 213.532, 2.33158, 215.863, 55.5979, 0, 0, 0, 0, 384.046, 29.7597, 59.8161, 41.8022, 0, 0, 0, 187.278, 29.7597, 12.6216, 41.8022, 0, 0, 0, 93.9154, 0, 21.1485, 0, 0, 0, 0, 102.853, 0, 26.046, 0, 0, 0, 0, 0, 12624.9, 0, 9004.2, 0, 0, 0
5325, 20583.3, 242.607, 23939, 23968.5, 20122, 4306.98, 23357.9, 23863.5, 28.6744, 18.6278, 98.2386, 39.4863, 462.012, -515.088, 581.795, 1130.09, 331.966, -882.568, 130.046, 367.48, 454.177, 132.983, 233.165, 228.846, 183.402, 2.04676, 185.449, 47.7166, 0, 0, 0, 0, 345.335, 25.5661, 55.2543, 35.8563, 0, 0, 0, 160.936, 25.5661, 10.8067, 35.8563, 0, 0, 0, 80.6583, 0, 18.1422, 0, 0, 0, 0, 103.74, 0, 26.3054, 0, 0, 0, 0, 0, 11745.7, 0, 8376.28, 0, 0, 0
5326, 18461.5, -346.419, 23939, 23968.5, 18066, 3917.57, 23357.9, 23863.5, 22.9913, 12.894, 63.0323, 22.1111, 396.902, -681.756, 581.795, 1130.09, 265.453, -1053.21, 131.45, 371.45, 454.177, 132.983, 186.507, 210.396, 146.728, 1.67765, 148.406, 38.1006, 0, 0, 0, 0, 298.146, 20.4349, 49.7334, 28.5877, 0, 0, 0, 128.87, 20.4349, 8.61368, 28.5877, 0, 0, 0, 64.452, 0, 14.4939, 0, 0, 0, 0, 104.824, 0, 26.6258, 0, 0, 0, 0, 0, 10546.2, 0, 7519.74, 0, 0, 0
5327, 16414.4, -908.744, 23939, 23968.5, 16072.7, 3524.81, 23357.9, 23863.5, 17.3536, 7.21214, 40.64, 8.27751, 341.704, -822.974, 581.795, 1130.09, 209.043, -1197.85, 132.661, 374.877, 454.177, 132.983, 146.999, 194.705, 115.775, 1.32517, 117.1, 29.8988, 0, 0, 0, 0, 258.192, 16.0415, 45.0504, 22.42, 0, 0, 0, 101.781, 16.0415, 6.75687, 22.42, 0, 0, 0, 50.6549, 0, 11.3891, 0, 0, 0, 0, 105.757, 0, 26.9044, 0, 0, 0, 0, 0, 9383.07, 0, 6689.66, 0, 0, 0
5328, 14622.4, -1372.64, 23939, 23968.5, 14322.9, 3125.95, 23357.9, 23863.5, 12.4564, 2.33692, 24.7793, 2.39649, 299.548, -910.859, 581.795, 1130.09, 167.581, -1283.78, 131.967, 372.918, 454.177, 132.983, 118.051, 181.497, 93.1856, 1.04019, 94.2258, 23.825, 0, 0, 0, 0, 227.635, 12.7753, 41.2641, 17.8741, 0, 0, 0, 82.0143, 12.7753, 5.38719, 17.8741, 0, 0, 0, 40.443, 0, 9.08741, 0, 0, 0, 0, 105.177, 0, 26.7895, 0, 0, 0, 0, 0, 8361.61, 0, 5961.27, 0, 0, 0
5329, 13601.3, -1645.5, 23939, 23968.5, 13323.7, 2924.12, 23357.9, 23863.5, 9.70746, 0, 16.6274, 0, 277.675, -967.987, 581.795, 1130.09, 145.114, -1342.58, 132.561, 374.597, 454.177, 132.983, 102.368, 175.307, 80.9051, 0.91156, 81.8167, 20.5512, 0, 0, 0, 0, 211.843, 11.0243, 39.4111, 15.3959, 0, 0, 0, 71.3065, 11.0243, 4.64128, 15.3959, 0, 0, 0, 34.9035, 0, 7.84276, 0, 0, 0, 0, 105.634, 0, 26.9271, 0, 0, 0, 0, 0, 7778.6, 0, 5545.1, 0, 0, 0
5330, 12828.5, -1851.18, 23939, 23968.5, 12566.3, 2769.42, 23357.9, 23863.5, 7.3446, 0, 10.7842, 0, 262.298, -1008.53, 581.795, 1130.09, 129.283, -1384.41, 133.015, 375.882, 454.177, 133.015, 91.2933, 171.005, 72.2576, 0.788348, 73.0459, 18.2474, 0, 0, 0, 0, 200.708, 9.7749, 38.1678, 13.6475, 0, 0, 0, 63.7272, 9.7749, 4.1437, 13.6475, 0, 0, 0, 30.9959, 0, 6.99405, 0, 0, 0, 0, 105.985, 0, 27.03, 0, 0, 0, 0, 0, 7336.57, 0, 5229.68, 0, 0, 0
5331, 12184.8, -1992.56, 23939, 23968.5, 11935, 2601.26, 23357.9, 23863.5, 5.34559, 0, 6.73134, 0, 249.831, -1020.3, 581.795, 1130.09, 118.183, -1392.32, 131.647, 372.02, 454.177, 133.015, 83.55, 166.281, 66.2629, 0.675416, 66.9383, 16.6117, 0, 0, 0, 0, 191.573, 8.87434, 36.96, 12.4237, 0, 0, 0, 58.4491, 8.87434, 3.8029, 12.4237, 0, 0, 0, 28.234, 0, 6.39928, 0, 0, 0, 0, 104.889, 0, 26.7578, 0, 0, 0, 0, 0, 6967.89, 0, 4967.12, 0, 0, 0
5332, 11825.9, -2086.12, 23939, 23968.5, 11582.5, 2529.59, 23357.9, 23863.5, 4.03687, 0, 4.49423, 0, 243.266, -1037.35, 581.795, 1130.09, 111.442, -1409.88, 131.824, 372.521, 454.177, 133.015, 78.8312, 164.435, 62.6134, 0.600493, 63.2139, 15.6173, 0, 0, 0, 0, 186.815, 8.3242, 36.4406, 11.6859, 0, 0, 0, 55.2205, 8.3242, 3.60065, 11.6859, 0, 0, 0, 26.5677, 0, 6.04304, 0, 0, 0, 0, 105.027, 0, 26.7969, 0, 0, 0, 0, 0, 6761.91, 0, 4820.57, 0, 0, 0
5333, 12066.9, -2022.99, 23939, 23968.5, 11819.4, 2576.64, 23357.9, 23863.5, 4.91736, 0, 5.98573, 0, 247.62, -1025.81, 581.795, 1130.09, 115.932, -1397.94, 131.688, 372.136, 454.177, 133.015, 81.9789, 165.642, 65.0567, 0.648228, 65.7049, 16.274, 0, 0, 0, 0, 189.977, 8.6876, 36.7752, 12.1806, 0, 0, 0, 57.3783, 8.6876, 3.73241, 12.1806, 0, 0, 0, 27.6777, 0, 6.27573, 0, 0, 0, 0, 104.921, 0, 26.7671, 0, 0, 0, 0, 0, 6900.3, 0, 4919.13, 0, 0, 0
5334, 12980.6, -1783.39, 23939, 23968.5, 12715.7, 2759.33, 23357.9, 23863.5, 7.39202, 0, 11.9671, 0, 264.932, -980.145, 581.795, 1130.09, 133.76, -1350.82, 131.173, 370.678, 454.177, 133.015, 94.3956, 170.537, 74.7714, 0.746242, 75.5177, 18.8779, 0, 0, 0, 0, 202.452, 10.079, 38.2454, 14.1556, 0, 0, 0, 65.8322, 10.079, 4.32883, 14.1556, 0, 0, 0, 32.0947, 0, 7.26937, 0, 0, 0, 0, 104.525, 0, 26.6472, 0, 0, 0, 0, 0, 7423.27, 0, 5292.43, 0, 0, 0
5335, 13389.5, -1674.48, 23939, 23968.5, 13116.4, 2838.07, 23357.9, 23863.5, 8.81666, 0, 15.461, 0, 273.052, -957.694, 581.795, 1130.09, 142.202, -1327.46, 130.85, 369.764, 454.177, 133.015, 100.346, 172.706, 79.4505, 0.818811, 80.2693, 20.0764, 0, 0, 0, 0, 208.387, 10.7377, 38.8275, 15.0994, 0, 0, 0, 69.9432, 10.7377, 4.56554, 15.0994, 0, 0, 0, 34.1711, 0, 7.68489, 0, 0, 0, 0, 104.273, 0, 26.577, 0, 0, 0, 0, 0, 7656.95, 0, 5459.49, 0, 0, 0
5336, 14456.7, -1391.8, 23939, 23968.5, 14160.5, 3045.54, 23357.9, 23863.5, 12.3656, 2.30834, 23.9963, 2.36591, 296.291, -897.097, 581.795, 1130.09, 166.07, -1265.08, 130.22, 367.982, 454.177, 133.015, 117.038, 179.252, 92.3508, 1.06789, 93.4187, 23.6198, 0, 0, 0, 0, 225.174, 12.6759, 40.7605, 17.68, 0, 0, 0, 81.356, 12.6759, 5.32649, 17.68, 0, 0, 0, 40.0353, 0, 8.99662, 0, 0, 0, 0, 103.783, 0, 26.4374, 0, 0, 0, 0, 0, 8267.08, 0, 5893.39, 0, 0, 0
5337, 16326.3, -892.951, 23939, 23968.5, 15985.1, 3401.45, 23357.9, 23863.5, 18.0558, 8.04234, 41.8728, 9.38575, 341.434, -780.293, 581.795, 1130.09, 212.333, -1145.11, 129.102, 364.817, 454.177, 133.015, 149.47, 191.964, 117.641, 1.45703, 119.098, 30.3724, 0, 0, 0, 0, 257.894, 16.3363, 44.4777, 22.7263, 0, 0, 0, 103.612, 16.3363, 6.79503, 22.7263, 0, 0, 0, 51.3648, 0, 11.4978, 0, 0, 0, 0, 102.917, 0, 26.1849, 0, 0, 0, 0, 0, 9332.18, 0, 6652.89, 0, 0, 0
5338, 18413.1, -329.744, 23939, 23968.5, 18014.4, 3784.59, 23357.9, 23863.5, 23.8945, 13.9311, 65.5658, 23.9604, 399.01, -631.982, 581.795, 1130.09, 271.245, -993.017, 127.765, 361.035, 454.177, 133.015, 190.814, 208.196, 150.076, 1.84166, 151.918, 38.8957, 0, 0, 0, 0, 299.661, 20.9139, 49.2639, 29.1708, 0, 0, 0, 132.035, 20.9139, 8.69425, 29.1708, 0, 0, 0, 65.7425, 0, 14.6889, 0, 0, 0, 0, 101.884, 0, 25.8808, 0, 0, 0, 0, 0, 10516.1, 0, 7498.22, 0, 0, 0
5339, 19942.2, 76.4559, 23939, 23968.5, 19498, 4118.74, 23357.9, 23863.5, 28.2094, 18.2244, 89.0672, 36.3094, 444.062, -536.771, 581.795, 1130.09, 315.619, -899.72, 128.443, 362.949, 454.177, 133.015, 222.002, 222.06, 174.553, 2.16173, 176.715, 45.2869, 0, 0, 0, 0, 332.535, 24.3661, 53.1231, 34.0381, 0, 0, 0, 153.516, 24.3661, 10.0822, 34.0381, 0, 0, 0, 76.5739, 0, 17.0432, 0, 0, 0, 0, 102.445, 0, 25.9976, 0, 0, 0, 0, 0, 11381.7, 0, 8116.27, 0, 0, 0
5340, 20899.5, 340.705, 23939, 23968.5, 20424.3, 4290.29, 23357.9, 23863.5, 30.284, 20.3175, 110.529, 44.3173, 475.235, -458.171, 581.795, 1130.09, 347.356, -819.527, 127.879, 361.356, 454.177, 133.015, 244.202, 231.033, 192.1, 2.23713, 194.337, 49.8644, 0, 0, 0, 0, 355.053, 26.7653, 55.896, 37.5207, 0, 0, 0, 168.725, 26.7653, 11.1908, 37.5207, 0, 0, 0, 84.3125, 0, 18.8418, 0, 0, 0, 0, 102.016, 0, 25.8635, 0, 0, 0, 0, 0, 11921.9, 0, 8502.39, 0, 0, 0
5341, 22345.1, 743.145, 23939, 23968.5, 21819.3, 4543.81, 23357.9, 23863.5, 34.0948, 24.1618, 147.613, 58.0172, 526.003, -330.489, 581.795, 1130.09, 399.017, -689.321, 126.986, 358.832, 454.177, 133.015, 280.456, 245.547, 220.566, 2.53162, 223.097, 57.359, 0, 0, 0, 0, 391.837, 30.7605, 60.2776, 43.128, 0, 0, 0, 193.653, 30.7605, 12.9151, 43.128, 0, 0, 0, 96.8566, 0, 21.7042, 0, 0, 0, 0, 101.328, 0, 25.6584, 0, 0, 0, 0, 0, 12735.9, 0, 9083.4, 0, 0, 0
5342, 22778.6, 859.016, 23939, 23968.5, 22240.1, 4686.86, 23357.9, 23863.5, 34.9066, 24.9235, 158.012, 61.9937, 538.229, -318.676, 581.795, 1130.09, 409.895, -681.316, 128.334, 362.64, 454.177, 133.015, 288.078, 250.151, 226.724, 2.51111, 229.235, 58.8429, 0, 0, 0, 0, 400.859, 31.5325, 61.4446, 44.3928, 0, 0, 0, 198.893, 31.5325, 13.2599, 44.3928, 0, 0, 0, 99.5556, 0, 22.2609, 0, 0, 0, 0, 102.41, 0, 25.9239, 0, 0, 0, 0, 0, 12980.9, 0, 9259.14, 0, 0, 0
5343, 21590.7, 525.26, 23939, 23968.5, 21094.9, 4475.26, 23357.9, 23863.5, 31.2775, 21.2653, 124.783, 49.5361, 495.864, -424.964, 581.795, 1130.09, 366.809, -789.643, 129.055, 364.679, 454.177, 133.015, 257.709, 238.155, 202.894, 2.17793, 205.072, 52.6366, 0, 0, 0, 0, 369.991, 28.1757, 57.9855, 39.7115, 0, 0, 0, 177.903, 28.1757, 11.9185, 39.7115, 0, 0, 0, 89.1193, 0, 19.9812, 0, 0, 0, 0, 102.969, 0, 26.0859, 0, 0, 0, 0, 0, 12312.7, 0, 8782.23, 0, 0, 0
5344, 19764, 16.164, 23939, 23968.5, 19328.7, 4144.93, 23357.9, 23863.5, 25.7528, 15.6956, 81.1624, 32.4867, 435.744, -577.096, 581.795, 1130.09, 305.547, -945.007, 130.197, 367.911, 454.177, 133.015, 214.59, 221.155, 169.07, 1.72588, 170.796, 43.7933, 0, 0, 0, 0, 326.255, 23.4016, 53.0433, 33.0443, 0, 0, 0, 148.155, 23.4016, 9.98862, 33.0443, 0, 0, 0, 74.2453, 0, 16.712, 0, 0, 0, 0, 103.855, 0, 26.3427, 0, 0, 0, 0, 0, 11281.9, 0, 8046.77, 0, 0, 0
5345, 19859.3, 42.5198, 23939, 23968.5, 19420.6, 4162.33, 23357.9, 23863.5, 26.2538, 16.1995, 82.6687, 33.3729, 438.838, -569.585, 581.795, 1130.09, 308.678, -937.391, 130.16, 367.806, 454.177, 133.015, 216.811, 222.027, 170.75, 1.79431, 172.544, 44.2669, 0, 0, 0, 0, 328.521, 23.6772, 53.2718, 33.3683, 0, 0, 0, 149.697, 23.6772, 10.0683, 33.3683, 0, 0, 0, 74.9986, 0, 16.8677, 0, 0, 0, 0, 103.824, 0, 26.3359, 0, 0, 0, 0, 0, 11335.8, 0, 8084.81, 0, 0, 0
5346, 19554, -42.9416, 23939, 23968.5, 19124, 4111.74, 23357.9, 23863.5, 25.3692, 15.3065, 76.7214, 30.4431, 429.51, -593.924, 581.795, 1130.09, 299.116, -962.389, 130.393, 368.466, 454.177, 133.015, 210.049, 219.461, 165.366, 1.74666, 167.112, 42.9368, 0, 0, 0, 0, 321.68, 22.9626, 52.5682, 32.2992, 0, 0, 0, 145, 22.9626, 9.78767, 32.2992, 0, 0, 0, 72.6747, 0, 16.3926, 0, 0, 0, 0, 104.005, 0, 26.388, 0, 0, 0, 0, 0, 11163.1, 0, 7961, 0, 0, 0
5347, 19156.9, -152.607, 23939, 23968.5, 18739.8, 4035.86, 23357.9, 23863.5, 23.7151, 13.6393, 70.4942, 26.7814, 417.226, -625.499, 581.795, 1130.09, 286.552, -994.761, 130.675, 369.262, 454.177, 133.015, 201.15, 216.076, 158.467, 1.57655, 160.044, 41.1065, 0, 0, 0, 0, 312.686, 21.9356, 51.6551, 30.9494, 0, 0, 0, 138.823, 21.9356, 9.4424, 30.9494, 0, 0, 0, 69.6353, 0, 15.766, 0, 0, 0, 0, 104.228, 0, 26.4467, 0, 0, 0, 0, 0, 10938.5, 0, 7801.33, 0, 0, 0
5348, 19077, -174.874, 23939, 23968.5, 18661.8, 4022.87, 23357.9, 23863.5, 23.8943, 13.8183, 69.4731, 26.1559, 415.119, -631.365, 581.795, 1130.09, 284.369, -1000.84, 130.75, 369.475, 454.177, 133.015, 199.64, 215.48, 157.143, 1.65038, 158.793, 40.8465, 0, 0, 0, 0, 311.163, 21.8325, 51.4525, 30.6709, 0, 0, 0, 137.791, 21.8325, 9.3457, 30.6709, 0, 0, 0, 69.0896, 0, 15.6397, 0, 0, 0, 0, 104.283, 0, 26.4671, 0, 0, 0, 0, 0, 10893.5, 0, 7768.29, 0, 0, 0
5349, 18041.8, -460.85, 23939, 23968.5, 17657.6, 3831.57, 23357.9, 23863.5, 21.5538, 11.4526, 58.15, 19.0499, 384.924, -709.731, 581.795, 1130.09, 253.427, -1081.32, 131.497, 371.585, 454.177, 133.015, 178.065, 206.859, 140.21, 1.53771, 141.748, 36.3174, 0, 0, 0, 0, 289.451, 19.4545, 48.7181, 27.3, 0, 0, 0, 123.073, 19.4545, 8.23803, 27.3, 0, 0, 0, 61.521, 0, 13.8408, 0, 0, 0, 0, 104.858, 0, 26.6393, 0, 0, 0, 0, 0, 10307.5, 0, 7350.05, 0, 0, 0
5350, 16484.8, -888.002, 23939, 23968.5, 16142.5, 3535.86, 23357.9, 23863.5, 17.2413, 7.10344, 40.8603, 8.4038, 343.53, -817.105, 581.795, 1130.09, 211.008, -1191.59, 132.522, 374.484, 454.177, 133.015, 148.317, 195.213, 116.824, 1.29335, 118.118, 30.1998, 0, 0, 0, 0, 259.434, 16.1791, 45.2822, 22.635, 0, 0, 0, 102.638, 16.1791, 6.86535, 22.635, 0, 0, 0, 51.1462, 0, 11.5443, 0, 0, 0, 0, 105.649, 0, 26.8725, 0, 0, 0, 0, 0, 9423.72, 0, 6718.74, 0, 0, 0
5351, 14733.2, -1341.89, 23939, 23968.5, 14430.8, 3145.87, 23357.9, 23863.5, 12.7864, 2.67226, 24.9608, 2.76251, 302.471, -902.918, 581.795, 1130.09, 170.616, -1275.52, 131.854, 372.6, 454.177, 133.015, 120.097, 182.373, 94.6338, 1.10064, 95.7345, 24.3629, 0, 0, 0, 0, 229.622, 13.0652, 41.6288, 18.155, 0, 0, 0, 83.3433, 13.0652, 5.53385, 18.155, 0, 0, 0, 41.1898, 0, 9.32925, 0, 0, 0, 0, 105.089, 0, 26.7657, 0, 0, 0, 0, 0, 8425.39, 0, 6005.39, 0, 0, 0
5352, 13295.9, -1725.7, 23939, 23968.5, 13024.5, 2861.35, 23357.9, 23863.5, 8.80524, 0, 14.2975, 0, 271.47, -983.373, 581.795, 1130.09, 138.807, -1358.26, 132.663, 374.888, 454.177, 133.015, 97.9586, 173.511, 77.4612, 0.864805, 78.326, 19.6326, 0, 0, 0, 0, 207.348, 10.5274, 38.8947, 14.6995, 0, 0, 0, 68.2912, 10.5274, 4.44056, 14.6995, 0, 0, 0, 33.3463, 0, 7.5019, 0, 0, 0, 0, 105.711, 0, 26.9522, 0, 0, 0, 0, 0, 7603.99, 0, 5420.5, 0, 0, 0
5353, 12211.9, -1984.46, 23939, 23968.5, 11961.5, 2605.39, 23357.9, 23863.5, 5.70999, 0, 7.06896, 0, 250.402, -1018.15, 581.795, 1130.09, 118.826, -1389.97, 131.576, 371.819, 454.177, 133.015, 84.0206, 166.382, 66.5904, 0.714648, 67.305, 16.7156, 0, 0, 0, 0, 192.003, 8.94589, 36.9701, 12.4838, 0, 0, 0, 58.7857, 8.94589, 3.80527, 12.4838, 0, 0, 0, 28.3859, 0, 6.41955, 0, 0, 0, 0, 104.831, 0, 26.7453, 0, 0, 0, 0, 0, 6983.61, 0, 4977.89, 0, 0, 0
5354, 11641.9, -2133.4, 23939, 23968.5, 11401.6, 2492.19, 23357.9, 23863.5, 3.83448, 0, 4.24222, 0, 240.054, -1045.36, 581.795, 1130.09, 108.172, -1418.05, 131.883, 372.686, 454.177, 133.015, 76.5863, 163.468, 60.8352, 0.611805, 61.447, 15.1392, 0, 0, 0, 0, 184.533, 8.08419, 36.1198, 11.3171, 0, 0, 0, 53.7171, 8.08419, 3.46783, 11.3171, 0, 0, 0, 25.7476, 0, 5.83793, 0, 0, 0, 0, 105.068, 0, 26.8141, 0, 0, 0, 0, 0, 6656.52, 0, 4745.04, 0, 0, 0
5355, 11348, -2209.79, 23939, 23968.5, 11112.9, 2431.95, 23357.9, 23863.5, 3.03604, 0, 3.27631, 0, 235.061, -1058.63, 581.795, 1130.09, 103.02, -1431.77, 132.041, 373.134, 454.177, 133.015, 72.9934, 162.067, 58.0068, 0.588319, 58.5951, 14.3983, 0, 0, 0, 0, 180.922, 7.6879, 35.7144, 10.7368, 0, 0, 0, 51.2665, 7.6879, 3.30219, 10.7368, 0, 0, 0, 24.4656, 0, 5.56092, 0, 0, 0, 0, 105.19, 0, 26.8513, 0, 0, 0, 0, 0, 6488.22, 0, 4624.63, 0, 0, 0
5356, 11191.8, -2250.3, 23939, 23968.5, 10959.3, 2399.82, 23357.9, 23863.5, 2.59105, 0, 2.75676, 0, 232.431, -1065.57, 581.795, 1130.09, 100.31, -1438.93, 132.121, 373.361, 454.177, 133.015, 71.1081, 161.323, 56.5356, 0.571248, 57.1068, 14.0012, 0, 0, 0, 0, 179.027, 7.4744, 35.4941, 10.4355, 0, 0, 0, 49.9851, 7.4744, 3.21306, 10.4355, 0, 0, 0, 23.7909, 0, 5.41103, 0, 0, 0, 0, 105.251, 0, 26.87, 0, 0, 0, 0, 0, 6398.65, 0, 4560.7, 0, 0, 0
5357, 11717.4, -2112.54, 23939, 23968.5, 11476.3, 2503.37, 23357.9, 23863.5, 3.98883, 0, 4.43521, 0, 241.356, -1041.24, 581.795, 1130.09, 109.57, -1413.65, 131.786, 372.414, 454.177, 133.015, 77.5537, 163.802, 61.5955, 0.61449, 62.21, 15.3437, 0, 0, 0, 0, 185.46, 8.19075, 36.2316, 11.4733, 0, 0, 0, 54.3709, 8.19075, 3.51875, 11.4733, 0, 0, 0, 26.0959, 0, 5.92003, 0, 0, 0, 0, 104.993, 0, 26.7928, 0, 0, 0, 0, 0, 6700.1, 0, 4776.2, 0, 0, 0
5358, 12815.9, -1825.63, 23939, 23968.5, 12554.2, 2725.2, 23357.9, 23863.5, 7.33575, 0, 11.2869, 0, 261.69, -987.839, 581.795, 1130.09, 130.492, -1358.59, 131.198, 370.75, 454.177, 133.015, 92.1739, 169.516, 73.0205, 0.767264, 73.7878, 18.3862, 0, 0, 0, 0, 200.179, 9.83856, 37.8786, 13.794, 0, 0, 0, 64.3633, 9.83856, 4.17805, 13.794, 0, 0, 0, 31.2753, 0, 7.0425, 0, 0, 0, 0, 104.54, 0, 26.6581, 0, 0, 0, 0, 0, 7329.1, 0, 5225.12, 0, 0, 0
5359, 13474, -1652.02, 23939, 23968.5, 13199.2, 2854.41, 23357.9, 23863.5, 8.85111, 0, 15.7108, 0, 274.864, -952.92, 581.795, 1130.09, 144.068, -1322.53, 130.795, 369.611, 454.177, 133.015, 101.605, 173.259, 80.4178, 0.813743, 81.2316, 20.3732, 0, 0, 0, 0, 209.635, 10.8845, 39.0478, 15.2964, 0, 0, 0, 70.7653, 10.8845, 4.65851, 15.2964, 0, 0, 0, 34.6376, 0, 7.82603, 0, 0, 0, 0, 104.232, 0, 26.5632, 0, 0, 0, 0, 0, 7705.37, 0, 5493.82, 0, 0, 0
5360, 14150.9, -1472.75, 23939, 23968.5, 13861.4, 2986.03, 23357.9, 23863.5, 11.3384, 1.27408, 21.3281, 1.27316, 289.47, -914.689, 581.795, 1130.09, 159.082, -1283.14, 130.387, 368.455, 454.177, 133.015, 112.137, 177.332, 88.5473, 0.995409, 89.5427, 22.5944, 0, 0, 0, 0, 220.226, 12.1139, 40.2102, 16.9197, 0, 0, 0, 77.992, 12.1139, 5.11157, 16.9197, 0, 0, 0, 38.3211, 0, 8.62396, 0, 0, 0, 0, 103.913, 0, 26.4747, 0, 0, 0, 0, 0, 8092.43, 0, 5768.99, 0, 0, 0
5361, 15558.4, -1098.12, 23939, 23968.5, 15236.5, 3255.53, 23357.9, 23863.5, 15.3757, 5.34373, 33.7521, 5.87927, 322.048, -829.785, 581.795, 1130.09, 192.522, -1195.8, 129.526, 366.019, 454.177, 133.015, 135.529, 186.52, 106.819, 1.23112, 108.051, 27.478, 0, 0, 0, 0, 243.782, 14.7419, 42.9446, 20.5803, 0, 0, 0, 94.0027, 14.7419, 6.2036, 20.5803, 0, 0, 0, 46.5314, 0, 10.4623, 0, 0, 0, 0, 103.248, 0, 26.2787, 0, 0, 0, 0, 0, 8895.01, 0, 6341.46, 0, 0, 0
5362, 17253.1, -642.586, 23939, 23968.5, 16887.5, 3569.31, 23357.9, 23863.5, 20.0851, 10.0952, 51.5618, 15.1835, 365.782, -715.567, 581.795, 1130.09, 237.406, -1078.33, 128.376, 362.765, 454.177, 133.015, 167.006, 198.776, 131.549, 1.49967, 133.049, 33.9568, 0, 0, 0, 0, 275.493, 18.2145, 46.5618, 25.5128, 0, 0, 0, 115.625, 18.2145, 7.65289, 25.5128, 0, 0, 0, 57.5096, 0, 12.891, 0, 0, 0, 0, 102.358, 0, 26.0179, 0, 0, 0, 0, 0, 9858.17, 0, 7029.38, 0, 0, 0
5363, 19397.7, -62.0659, 23939, 23968.5, 18969.4, 3961.23, 23357.9, 23863.5, 26.0995, 16.1571, 78.3459, 31.6974, 428.599, -556.107, 581.795, 1130.09, 301.475, -915.333, 127.124, 359.226, 454.177, 133.015, 211.997, 216.602, 166.881, 1.90722, 168.789, 43.2088, 0, 0, 0, 0, 321.099, 23.1784, 51.8049, 32.5167, 0, 0, 0, 146.584, 23.1784, 9.71806, 32.5167, 0, 0, 0, 73.1211, 0, 16.356, 0, 0, 0, 0, 101.394, 0, 25.7308, 0, 0, 0, 0, 0, 11072.8, 0, 7896.59, 0, 0, 0
5364, 20925, 347.791, 23939, 23968.5, 20448.7, 4294.77, 23357.9, 23863.5, 30.0203, 20.0536, 110.353, 44.1466, 476.069, -455.723, 581.795, 1130.09, 348.231, -816.961, 127.837, 361.239, 454.177, 133.015, 244.747, 231.322, 192.578, 2.17228, 194.75, 49.9969, 0, 0, 0, 0, 355.572, 26.8028, 56.0695, 37.6247, 0, 0, 0, 169.046, 26.8028, 11.2737, 37.6247, 0, 0, 0, 84.5402, 0, 18.9441, 0, 0, 0, 0, 101.985, 0, 25.8518, 0, 0, 0, 0, 0, 11936, 0, 8512.65, 0, 0, 0
5365, 21988.4, 643.042, 23939, 23968.5, 21476, 4482.05, 23357.9, 23863.5, 32.8451, 22.9016, 138.81, 54.9024, 512.57, -363.76, 581.795, 1130.09, 385.374, -723.183, 127.195, 359.423, 454.177, 133.015, 270.911, 241.659, 213.295, 2.34815, 215.643, 55.2679, 0, 0, 0, 0, 382.177, 29.6122, 59.0629, 41.7172, 0, 0, 0, 187.129, 29.6122, 12.4526, 41.7172, 0, 0, 0, 93.5569, 0, 20.9069, 0, 0, 0, 0, 101.492, 0, 25.7035, 0, 0, 0, 0, 0, 12534.9, 0, 8941.05, 0, 0, 0
5366, 22154.6, 689.322, 23939, 23968.5, 21636.6, 4511.09, 23357.9, 23863.5, 33.089, 23.1475, 142.735, 56.2953, 518.449, -349.215, 581.795, 1130.09, 391.335, -708.409, 127.114, 359.193, 454.177, 133.015, 275.055, 243.394, 216.585, 2.33922, 218.924, 56.1312, 0, 0, 0, 0, 386.394, 30.0519, 59.631, 42.372, 0, 0, 0, 189.949, 30.0519, 12.6821, 42.372, 0, 0, 0, 95.0136, 0, 21.2663, 0, 0, 0, 0, 101.431, 0, 25.6826, 0, 0, 0, 0, 0, 12628.6, 0, 9008.05, 0, 0, 0
5367, 22259.9, 718.689, 23939, 23968.5, 21738.4, 4527.89, 23357.9, 23863.5, 33.4066, 23.4688, 146.43, 57.7856, 522.11, -339.447, 581.795, 1130.09, 395.099, -698.348, 127.011, 358.901, 454.177, 133.015, 277.754, 244.356, 218.781, 2.35205, 221.133, 56.6203, 0, 0, 0, 0, 389.13, 30.3153, 59.8574, 42.8068, 0, 0, 0, 191.858, 30.3153, 12.7735, 42.8068, 0, 0, 0, 95.9218, 0, 21.424, 0, 0, 0, 0, 101.351, 0, 25.6599, 0, 0, 0, 0, 0, 12687.7, 0, 9050.69, 0, 0, 0
5368, 22384.7, 753.824, 23939, 23968.5, 21858.3, 4548.89, 23357.9, 23863.5, 33.1684, 23.2316, 147.094, 57.6396, 526.964, -327.357, 581.795, 1130.09, 400.036, -686.026, 126.928, 358.669, 454.177, 133.015, 281.014, 245.95, 221.281, 2.29039, 223.572, 57.442, 0, 0, 0, 0, 392.369, 30.6942, 60.592, 43.3088, 0, 0, 0, 193.927, 30.6942, 13.0839, 43.3088, 0, 0, 0, 97.151, 0, 21.8713, 0, 0, 0, 0, 101.291, 0, 25.6368, 0, 0, 0, 0, 0, 12757.9, 0, 9100.37, 0, 0, 0
5369, 21366.2, 470.152, 23939, 23968.5, 20875, 4372.42, 23357.9, 23863.5, 30.5508, 20.5909, 119.593, 47.3388, 491.082, -417.942, 581.795, 1130.09, 363.509, -778.437, 127.574, 360.494, 454.177, 133.015, 255.324, 235.758, 200.954, 2.13518, 203.089, 52.2346, 0, 0, 0, 0, 366.275, 27.9318, 57.5802, 39.2953, 0, 0, 0, 176.205, 27.9318, 11.8921, 39.2953, 0, 0, 0, 88.2825, 0, 19.9023, 0, 0, 0, 0, 101.788, 0, 25.7858, 0, 0, 0, 0, 0, 12184.6, 0, 8690.39, 0, 0, 0
5370, 19732.1, 18.24, 23939, 23968.5, 19295.3, 4080.1, 23357.9, 23863.5, 25.7574, 15.7583, 81.1126, 32.569, 436.928, -554.47, 581.795, 1130.09, 308.365, -917.763, 128.563, 363.293, 454.177, 133.015, 216.57, 220.358, 170.587, 1.74663, 172.333, 44.2362, 0, 0, 0, 0, 326.961, 23.6294, 53.027, 33.311, 0, 0, 0, 149.518, 23.6294, 10.1115, 33.311, 0, 0, 0, 74.8899, 0, 16.9056, 0, 0, 0, 0, 102.553, 0, 26.0098, 0, 0, 0, 0, 0, 11262.6, 0, 8032.67, 0, 0, 0
5371, 18138.9, -418.542, 23939, 23968.5, 17750.3, 3789.26, 23357.9, 23863.5, 21.4996, 11.4637, 59.8899, 20.2243, 388.955, -676.891, 581.795, 1130.09, 259.386, -1043.03, 129.569, 366.138, 454.177, 133.015, 182.246, 206.709, 143.636, 1.47867, 145.114, 37.1321, 0, 0, 0, 0, 292.236, 19.845, 48.9067, 27.967, 0, 0, 0, 125.959, 19.845, 8.47499, 27.967, 0, 0, 0, 62.9483, 0, 14.1912, 0, 0, 0, 0, 103.329, 0, 26.2405, 0, 0, 0, 0, 0, 10361.1, 0, 7389.21, 0, 0, 0
5372, 17404.3, -618.662, 23939, 23968.5, 17036.2, 3652.2, 23357.9, 23863.5, 19.7923, 9.74119, 52.1608, 15.4212, 368.381, -729.499, 581.795, 1130.09, 238.366, -1096.9, 130.015, 367.398, 454.177, 133.015, 167.584, 200.797, 132.125, 1.39787, 133.523, 34.0611, 0, 0, 0, 0, 277.424, 18.2286, 47.0565, 25.672, 0, 0, 0, 115.952, 18.2286, 7.73165, 25.672, 0, 0, 0, 57.8023, 0, 12.9798, 0, 0, 0, 0, 103.67, 0, 26.3451, 0, 0, 0, 0, 0, 9944.38, 0, 7091.79, 0, 0, 0
5373, 16458.1, -876.326, 23939, 23968.5, 16115.1, 3477.37, 23357.9, 23863.5, 17.2374, 7.16119, 41.5121, 8.8907, 343.564, -795.222, 581.795, 1130.09, 212.829, -1164.66, 130.735, 369.436, 454.177, 133.015, 149.65, 193.914, 117.953, 1.27707, 119.23, 30.4203, 0, 0, 0, 0, 259.391, 16.2866, 45.0454, 22.8411, 0, 0, 0, 103.606, 16.2866, 6.91653, 22.8411, 0, 0, 0, 51.5573, 0, 11.6213, 0, 0, 0, 0, 104.228, 0, 26.5076, 0, 0, 0, 0, 0, 9407.4, 0, 6707.69, 0, 0, 0
5374, 14756.4, -1335.46, 23939, 23968.5, 14454.8, 3151.24, 23357.9, 23863.5, 13.0162, 2.90223, 25.9743, 3.01687, 302.687, -902.229, 581.795, 1130.09, 170.843, -1274.8, 131.844, 372.571, 454.177, 133.015, 120.338, 182.349, 94.9232, 1.09474, 96.018, 24.3204, 0, 0, 0, 0, 229.902, 13.0535, 41.5141, 18.2172, 0, 0, 0, 83.582, 13.0535, 5.48558, 18.2172, 0, 0, 0, 41.2399, 0, 9.26452, 0, 0, 0, 0, 105.08, 0, 26.764, 0, 0, 0, 0, 0, 8438.88, 0, 6015.96, 0, 0, 0
5375, 12847.4, -1844.4, 23939, 23968.5, 12586.1, 2771.82, 23357.9, 23863.5, 7.33954, 0, 10.7988, 0, 262.687, -1006.69, 581.795, 1130.09, 129.752, -1382.34, 132.935, 375.657, 454.177, 133.015, 91.6051, 171.082, 72.4919, 0.787349, 73.2792, 18.3259, 0, 0, 0, 0, 200.962, 9.81338, 38.2161, 13.6952, 0, 0, 0, 63.9268, 9.81338, 4.16977, 13.6952, 0, 0, 0, 31.1135, 0, 7.03327, 0, 0, 0, 0, 105.922, 0, 27.013, 0, 0, 0, 0, 0, 7348.21, 0, 5237.87, 0, 0, 0
5376, 11462, -2180.14, 23939, 23968.5, 11225, 2454.35, 23357.9, 23863.5, 3.67333, 0, 4.04426, 0, 236.994, -1053.52, 581.795, 1130.09, 105.013, -1426.48, 131.981, 372.964, 454.177, 133.015, 74.4212, 162.573, 59.1139, 0.629184, 59.7431, 14.6781, 0, 0, 0, 0, 182.366, 7.85478, 35.8137, 10.9592, 0, 0, 0, 52.2705, 7.85478, 3.3367, 10.9592, 0, 0, 0, 24.9541, 0, 5.6373, 0, 0, 0, 0, 105.142, 0, 26.8397, 0, 0, 0, 0, 0, 6553.68, 0, 4671.29, 0, 0, 0
5377, 10592.2, -2406.18, 23939, 23968.5, 10369.7, 2277.57, 23357.9, 23863.5, 1.11301, 0, 1.12797, 0, 222.584, -1091.9, 581.795, 1130.09, 90.1296, -1466.21, 132.454, 374.303, 454.177, 133.015, 64.0839, 158.5, 51.1004, 0.514631, 51.615, 12.4689, 0, 0, 0, 0, 172.015, 6.66135, 34.5881, 9.31955, 0, 0, 0, 45.2623, 6.66135, 2.84073, 9.31955, 0, 0, 0, 21.2466, 0, 4.79903, 0, 0, 0, 0, 105.506, 0, 26.9484, 0, 0, 0, 0, 0, 6054.19, 0, 4315.49, 0, 0, 0
5378, 10122.1, -2528.47, 23939, 23968.5, 9906.62, 2182.69, 23357.9, 23863.5, 0, 0, 0, 0, 215.433, -1111.49, 581.795, 1130.09, 82.6974, -1486.59, 132.736, 375.099, 454.177, 133.015, 58.9184, 156.515, 47.0681, 0.468127, 47.5362, 11.3822, 0, 0, 0, 0, 166.867, 6.07604, 34.0033, 8.48709, 0, 0, 0, 41.7562, 6.07604, 2.59907, 8.48709, 0, 0, 0, 19.3876, 0, 4.39138, 0, 0, 0, 0, 105.723, 0, 27.0128, 0, 0, 0, 0, 0, 5784.03, 0, 4122.58, 0, 0, 0
5379, 9834.69, -2602.54, 23939, 23968.5, 9623.48, 2122.69, 23357.9, 23863.5, 0, 0, 0, 0, 211.187, -1122.87, 581.795, 1130.09, 78.3036, -1498.39, 132.883, 375.517, 454.177, 133.015, 55.868, 155.319, 44.7072, 0.430802, 45.138, 10.73, 0, 0, 0, 0, 163.814, 5.72105, 33.6515, 8.00006, 0, 0, 0, 39.69, 5.72105, 2.45687, 8.00006, 0, 0, 0, 18.2875, 0, 4.14809, 0, 0, 0, 0, 105.837, 0, 27.0466, 0, 0, 0, 0, 0, 5618.68, 0, 4004.8, 0, 0, 0
5380, 9744.63, -2625.83, 23939, 23968.5, 9534.81, 2103.75, 23357.9, 23863.5, 0, 0, 0, 0, 209.827, -1126.56, 581.795, 1130.09, 76.8925, -1502.23, 132.935, 375.663, 454.177, 133.015, 54.8619, 154.965, 43.9599, 0.386998, 44.3469, 10.515, 0, 0, 0, 0, 162.81, 5.58726, 33.5785, 7.85166, 0, 0, 0, 38.9895, 5.58726, 2.43352, 7.85166, 0, 0, 0, 17.9407, 0, 4.08988, 0, 0, 0, 0, 105.879, 0, 27.0551, 0, 0, 0, 0, 0, 5566.59, 0, 3968.22, 0, 0, 0
5381, 10135.9, -2524.48, 23939, 23968.5, 9920.45, 2183.2, 23357.9, 23863.5, 0, 0, 0, 0, 215.524, -1111.01, 581.795, 1130.09, 82.8106, -1486.04, 132.713, 375.036, 454.177, 133.015, 58.959, 156.565, 47.1535, 0.41856, 47.5721, 11.387, 0, 0, 0, 0, 166.893, 6.05322, 34.0633, 8.51435, 0, 0, 0, 41.7567, 6.05322, 2.63474, 8.51435, 0, 0, 0, 19.4266, 0, 4.42499, 0, 0, 0, 0, 105.71, 0, 27.0036, 0, 0, 0, 0, 0, 5791.62, 0, 4128.83, 0, 0, 0
5382, 10961.4, -2309.48, 23939, 23968.5, 10732.9, 2351.93, 23357.9, 23863.5, 2.04268, 0, 2.13509, 0, 228.413, -1075.6, 581.795, 1130.09, 96.2132, -1449.18, 132.199, 373.582, 454.177, 133.015, 68.3086, 160.104, 54.4178, 0.538488, 54.9563, 13.3523, 0, 0, 0, 0, 176.205, 7.13037, 35.0727, 10.0043, 0, 0, 0, 48.1284, 7.13037, 3.0455, 10.0043, 0, 0, 0, 22.7671, 0, 5.13752, 0, 0, 0, 0, 105.31, 0, 26.8897, 0, 0, 0, 0, 0, 6265.99, 0, 4466.95, 0, 0, 0
5383, 11797.3, -2090.75, 23939, 23968.5, 11554.7, 2519.75, 23357.9, 23863.5, 4.28229, 0, 4.80404, 0, 242.667, -1036.93, 581.795, 1130.09, 110.989, -1409.03, 131.678, 372.107, 454.177, 133.015, 78.5666, 164.101, 62.4147, 0.622024, 63.0367, 15.53, 0, 0, 0, 0, 186.436, 8.29378, 36.2959, 11.6411, 0, 0, 0, 55.082, 8.29378, 3.54972, 11.6411, 0, 0, 0, 26.4463, 0, 5.97648, 0, 0, 0, 0, 104.908, 0, 26.7697, 0, 0, 0, 0, 0, 6745.63, 0, 4809.05, 0, 0, 0
5384, 12626.3, -1873.17, 23939, 23968.5, 12368.2, 2684.39, 23357.9, 23863.5, 6.65538, 0, 9.7615, 0, 258.056, -995.802, 581.795, 1130.09, 126.884, -1366.48, 131.172, 370.675, 454.177, 133.015, 89.6289, 168.427, 71.0221, 0.731669, 71.7538, 17.8752, 0, 0, 0, 0, 197.506, 9.55484, 37.6059, 13.3892, 0, 0, 0, 62.6033, 9.55484, 4.08167, 13.3892, 0, 0, 0, 30.3856, 0, 6.86983, 0, 0, 0, 0, 104.517, 0, 26.6544, 0, 0, 0, 0, 0, 7220.64, 0, 5147.59, 0, 0, 0
5385, 13446.3, -1656.89, 23939, 23968.5, 13172.1, 2845.06, 23357.9, 23863.5, 9.00044, 0, 15.9, 0, 274.243, -952.509, 581.795, 1130.09, 143.597, -1321.7, 130.646, 369.188, 454.177, 133.015, 101.319, 172.924, 80.2045, 0.830069, 81.0346, 20.2844, 0, 0, 0, 0, 209.231, 10.8496, 38.9127, 15.2495, 0, 0, 0, 70.6068, 10.8496, 4.61314, 15.2495, 0, 0, 0, 34.5128, 0, 7.76477, 0, 0, 0, 0, 104.111, 0, 26.5347, 0, 0, 0, 0, 0, 7689.51, 0, 5482.64, 0, 0, 0
5386, 14611.3, -1347.42, 23939, 23968.5, 14312.1, 3068.28, 23357.9, 23863.5, 12.161, 2.11293, 25.5292, 2.15545, 299.308, -885.47, 581.795, 1130.09, 169.466, -1252.38, 129.842, 366.913, 454.177, 133.015, 119.41, 179.899, 94.4246, 0.965744, 95.3903, 24.0192, 0, 0, 0, 0, 227.364, 12.8444, 40.9826, 18.117, 0, 0, 0, 82.9904, 12.8444, 5.4577, 18.117, 0, 0, 0, 40.8838, 0, 9.17308, 0, 0, 0, 0, 103.49, 0, 26.3518, 0, 0, 0, 0, 0, 8354.43, 0, 5957.7, 0, 0, 0
5387, 16064, -961.065, 23939, 23968.5, 15730, 3345.52, 23357.9, 23863.5, 16.5462, 6.53049, 39.5923, 7.82639, 334.099, -795.687, 581.795, 1130.09, 205.095, -1160.23, 129.004, 364.543, 454.177, 133.015, 144.403, 189.696, 113.994, 1.22925, 115.223, 29.1793, 0, 0, 0, 0, 252.615, 15.6339, 43.821, 22.0287, 0, 0, 0, 100.16, 15.6339, 6.58036, 22.0287, 0, 0, 0, 49.6131, 0, 11.0791, 0, 0, 0, 0, 102.842, 0, 26.1615, 0, 0, 0, 0, 0, 9181.92, 0, 6548.1, 0, 0, 0
5388, 17262.9, -639.75, 23939, 23968.5, 16897.5, 3569.82, 23357.9, 23863.5, 19.761, 9.77074, 52.299, 15.6101, 365.56, -715.001, 581.795, 1130.09, 237.259, -1077.56, 128.301, 362.554, 454.177, 133.015, 166.94, 198.62, 131.712, 1.40376, 133.116, 33.8245, 0, 0, 0, 0, 275.412, 18.1134, 46.4716, 25.5634, 0, 0, 0, 115.628, 18.1134, 7.63593, 25.5634, 0, 0, 0, 57.4822, 0, 12.8367, 0, 0, 0, 0, 102.302, 0, 25.9989, 0, 0, 0, 0, 0, 9863.03, 0, 7034.46, 0, 0, 0
5389, 17547.8, -562.159, 23939, 23968.5, 17174.1, 3620.03, 23357.9, 23863.5, 20.0426, 10.0596, 54.1906, 16.7798, 373.681, -693.513, 581.795, 1130.09, 245.619, -1055.39, 128.061, 361.878, 454.177, 133.015, 172.665, 201.016, 136.169, 1.39106, 137.56, 35.1046, 0, 0, 0, 0, 281.105, 18.7572, 47.3622, 26.4558, 0, 0, 0, 119.443, 18.7572, 8.00868, 26.4558, 0, 0, 0, 59.5431, 0, 13.4115, 0, 0, 0, 0, 102.119, 0, 25.942, 0, 0, 0, 0, 0, 10024.7, 0, 7149.45, 0, 0, 0
5390, 17392.9, -603.227, 23939, 23968.5, 17023.6, 3590.25, 23357.9, 23863.5, 19.6851, 9.70079, 52.7805, 15.9071, 369.337, -703.877, 581.795, 1130.09, 241.24, -1065.85, 128.096, 361.977, 454.177, 133.015, 169.625, 199.711, 133.81, 1.36851, 135.178, 34.4474, 0, 0, 0, 0, 277.997, 18.4107, 46.9425, 25.9863, 0, 0, 0, 117.383, 18.4107, 7.84526, 25.9863, 0, 0, 0, 58.4697, 0, 13.1453, 0, 0, 0, 0, 102.144, 0, 25.9519, 0, 0, 0, 0, 0, 9936.7, 0, 7086.85, 0, 0, 0
5391, 17555.4, -559.5, 23939, 23968.5, 17182, 3619.94, 23357.9, 23863.5, 20.1827, 10.2021, 54.7607, 17.1364, 373.826, -692.406, 581.795, 1130.09, 245.826, -1054.11, 128.001, 361.706, 454.177, 133.015, 172.855, 200.971, 136.352, 1.40079, 137.753, 35.1022, 0, 0, 0, 0, 281.272, 18.7649, 47.2982, 26.4913, 0, 0, 0, 119.614, 18.7649, 7.98486, 26.4913, 0, 0, 0, 59.5872, 0, 13.3831, 0, 0, 0, 0, 102.07, 0, 25.9303, 0, 0, 0, 0, 0, 10029.1, 0, 7152.88, 0, 0, 0
5392, 17246.5, -643.62, 23939, 23968.5, 16881.5, 3565.55, 23357.9, 23863.5, 19.0497, 9.0578, 51.4169, 15.0424, 364.983, -715.683, 581.795, 1130.09, 236.73, -1078.1, 128.253, 362.42, 454.177, 133.015, 166.476, 198.507, 131.447, 1.29224, 132.739, 33.7369, 0, 0, 0, 0, 274.885, 18.0121, 46.5574, 25.5279, 0, 0, 0, 115.241, 18.0121, 7.69517, 25.5279, 0, 0, 0, 57.3755, 0, 12.8783, 0, 0, 0, 0, 102.269, 0, 25.9839, 0, 0, 0, 0, 0, 9853.28, 0, 7028.21, 0, 0, 0
5393, 16832.5, -755.078, 23939, 23968.5, 16478.2, 3490.1, 23357.9, 23863.5, 18.0227, 8.02121, 45.8717, 11.6443, 354.283, -744.207, 581.795, 1130.09, 225.716, -1107.52, 128.567, 363.31, 454.177, 133.015, 158.674, 195.609, 125.129, 1.28232, 126.412, 32.2623, 0, 0, 0, 0, 266.997, 17.2352, 45.7929, 24.2576, 0, 0, 0, 109.802, 17.2352, 7.37959, 24.2576, 0, 0, 0, 54.6843, 0, 12.3572, 0, 0, 0, 0, 102.511, 0, 26.0561, 0, 0, 0, 0, 0, 9618.86, 0, 6859.32, 0, 0, 0
5394, 16462, -855.274, 23939, 23968.5, 16117.6, 3422.9, 23357.9, 23863.5, 17.2678, 7.25671, 42.7862, 9.75591, 344.339, -770.364, 581.795, 1130.09, 215.491, -1134.47, 128.848, 364.102, 454.177, 133.015, 151.595, 192.745, 119.621, 1.24634, 120.867, 30.7277, 0, 0, 0, 0, 259.917, 16.4352, 44.8285, 23.1582, 0, 0, 0, 105.017, 16.4352, 6.98463, 23.1582, 0, 0, 0, 52.1737, 0, 11.723, 0, 0, 0, 0, 102.727, 0, 26.1209, 0, 0, 0, 0, 0, 9408.25, 0, 6709.4, 0, 0, 0
5395, 15896.6, -1006.83, 23939, 23968.5, 15566.5, 3317.25, 23357.9, 23863.5, 15.6287, 5.60402, 36.6733, 6.20192, 330.08, -807.571, 581.795, 1130.09, 200.862, -1172.72, 129.219, 365.151, 454.177, 133.015, 141.31, 188.771, 111.508, 1.16013, 112.669, 28.641, 0, 0, 0, 0, 249.537, 15.3136, 43.6917, 21.5376, 0, 0, 0, 97.9281, 15.3136, 6.5302, 21.5376, 0, 0, 0, 48.5954, 0, 10.9566, 0, 0, 0, 0, 103.014, 0, 26.2048, 0, 0, 0, 0, 0, 9086.87, 0, 6479.62, 0, 0, 0
5396, 15501.9, -1111.73, 23939, 23968.5, 15181.3, 3241.41, 23357.9, 23863.5, 14.6457, 4.61423, 32.7074, 4.99333, 320.556, -831.955, 581.795, 1130.09, 191.128, -1197.7, 129.427, 365.741, 454.177, 133.015, 134.485, 186.071, 106.093, 1.12964, 107.223, 27.2619, 0, 0, 0, 0, 242.616, 14.5836, 42.9079, 20.4485, 0, 0, 0, 93.2369, 14.5836, 6.21563, 20.4485, 0, 0, 0, 46.2061, 0, 10.4377, 0, 0, 0, 0, 103.173, 0, 26.2546, 0, 0, 0, 0, 0, 8862.41, 0, 6318.86, 0, 0, 0
5397, 14633.8, -1343.58, 23939, 23968.5, 14333.5, 3077.33, 23357.9, 23863.5, 11.9649, 1.9109, 24.5276, 1.93969, 300.174, -885.728, 581.795, 1130.09, 170.157, -1253.14, 130.017, 367.409, 454.177, 133.015, 119.773, 180.4, 94.5791, 0.971864, 95.551, 24.2223, 0, 0, 0, 0, 227.829, 12.9381, 41.2608, 18.1458, 0, 0, 0, 83.1322, 12.9381, 5.55722, 18.1458, 0, 0, 0, 41.0661, 0, 9.31746, 0, 0, 0, 0, 103.631, 0, 26.3861, 0, 0, 0, 0, 0, 8367.68, 0, 5965.86, 0, 0, 0
5398, 13252.5, -1710.85, 23939, 23968.5, 12981.9, 2811.62, 23357.9, 23863.5, 7.84821, 0, 13.3749, 0, 270.483, -964.96, 581.795, 1130.09, 139.522, -1335.04, 130.962, 370.082, 454.177, 133.015, 98.3506, 172.132, 77.8356, 0.759671, 78.5953, 19.7553, 0, 0, 0, 0, 206.366, 10.5306, 38.8087, 14.7777, 0, 0, 0, 68.4762, 10.5306, 4.56613, 14.7777, 0, 0, 0, 33.5262, 0, 7.64465, 0, 0, 0, 0, 104.364, 0, 26.5979, 0, 0, 0, 0, 0, 7578.8, 0, 5403.13, 0, 0, 0
5399, 11986.1, -2043.34, 23939, 23968.5, 11739.8, 2560.02, 23357.9, 23863.5, 4.74934, 0, 5.40354, 0, 246.304, -1028.92, 581.795, 1130.09, 114.609, -1401.07, 131.695, 372.155, 454.177, 133.015, 81.0362, 165.268, 64.2638, 0.65852, 64.9223, 16.1138, 0, 0, 0, 0, 188.988, 8.60474, 36.6967, 12.0143, 0, 0, 0, 56.7158, 8.60474, 3.7013, 12.0143, 0, 0, 0, 27.3478, 0, 6.22489, 0, 0, 0, 0, 104.925, 0, 26.7705, 0, 0, 0, 0, 0, 6854.23, 0, 4885.58, 0, 0, 0
5400, 10786.5, -2356.03, 23939, 23968.5, 10560.8, 2317.45, 23357.9, 23863.5, 1.25692, 0, 1.28, 0, 225.726, -1083.72, 581.795, 1130.09, 93.3614, -1457.77, 132.365, 374.051, 454.177, 133.015, 66.2724, 159.454, 52.7995, 0.505702, 53.3052, 12.9673, 0, 0, 0, 0, 174.203, 6.9097, 34.9403, 9.67315, 0, 0, 0, 46.7001, 6.9097, 2.98945, 9.67315, 0, 0, 0, 22.0623, 0, 5.02662, 0, 0, 0, 0, 105.441, 0, 26.9243, 0, 0, 0, 0, 0, 6165.81, 0, 4395.02, 0, 0, 0
5401, 9773.84, -2618.53, 23939, 23968.5, 9563.46, 2111.87, 23357.9, 23863.5, 0, 0, 0, 0, 210.36, -1125.24, 581.795, 1130.09, 77.4366, -1500.87, 132.923, 375.631, 454.177, 133.015, 55.2302, 155.13, 44.2044, 0.407467, 44.6118, 10.6184, 0, 0, 0, 0, 163.173, 5.64823, 33.6406, 7.89795, 0, 0, 0, 39.2284, 5.64823, 2.45565, 7.89795, 0, 0, 0, 18.075, 0, 4.13135, 0, 0, 0, 0, 105.87, 0, 27.0536, 0, 0, 0, 0, 0, 5583.71, 0, 3979.75, 0, 0, 0
5402, 9163.58, -2738.86, 23939, 23968.5, 8962.67, 1955.11, 23357.9, 23863.5, 0, 0, 0, 0, 200.905, -1129.96, 581.795, 1130.09, 69.3558, -1501.71, 131.549, 371.749, 454.177, 133.015, 49.6565, 151.249, 39.8968, 0.350542, 40.2474, 9.40908, 0, 0, 0, 0, 156.284, 4.99564, 32.6243, 7.00083, 0, 0, 0, 35.4815, 4.99564, 2.17844, 7.00083, 0, 0, 0, 16.0352, 0, 3.6642, 0, 0, 0, 0, 104.768, 0, 26.7817, 0, 0, 0, 0, 0, 5232.81, 0, 3729.86, 0, 0, 0
5403, 8803.85, -2830.39, 23939, 23968.5, 8607.65, 1881.68, 23357.9, 23863.5, 0, 0, 0, 0, 196.127, -1143.08, 581.795, 1143.08, 64.3832, -1515.38, 131.744, 372.299, 454.177, 133.015, 46.215, 149.912, 37.2392, 0.309599, 37.5488, 8.66618, 0, 0, 0, 0, 152.861, 4.59116, 32.2262, 6.44811, 0, 0, 0, 33.1604, 4.59116, 2.01528, 6.44811, 0, 0, 0, 14.783, 0, 3.38522, 0, 0, 0, 0, 104.918, 0, 26.8257, 0, 0, 0, 0, 0, 5025.42, 0, 3582.23, 0, 0, 0
5404, 8577.8, -2887.76, 23939, 23968.5, 8384.53, 1834.83, 23357.9, 23863.5, 0, 0, 0, 0, 193.229, -1151.05, 581.795, 1151.05, 61.3653, -1523.68, 131.864, 372.639, 454.177, 133.015, 44.1379, 149.091, 35.6361, 0.290299, 35.9264, 8.21152, 0, 0, 0, 0, 150.799, 4.34737, 31.97, 6.11269, 0, 0, 0, 31.769, 4.34737, 1.90881, 6.11269, 0, 0, 0, 14.0198, 0, 3.20755, 0, 0, 0, 0, 105.01, 0, 26.8537, 0, 0, 0, 0, 0, 4895.09, 0, 3489.44, 0, 0, 0
5405, 8607.23, -2879.47, 23939, 23968.5, 8413.65, 1839.89, 23357.9, 23863.5, 0, 0, 0, 0, 193.596, -1149.62, 581.795, 1151.05, 61.7821, -1522.11, 131.814, 372.497, 454.177, 133.015, 44.418, 149.178, 35.8482, 0.291288, 36.1395, 8.27856, 0, 0, 0, 0, 151.048, 4.38147, 32.0093, 6.15722, 0, 0, 0, 31.9509, 4.38147, 1.92844, 6.15722, 0, 0, 0, 14.1259, 0, 3.23815, 0, 0, 0, 0, 104.971, 0, 26.8427, 0, 0, 0, 0, 0, 4912.14, 0, 3501.51, 0, 0, 0
5406, 8912.8, -2801.6, 23939, 23968.5, 8715.48, 1902.44, 23357.9, 23863.5, 0, 0, 0, 0, 197.409, -1138.84, 581.795, 1151.05, 65.7768, -1510.82, 131.633, 371.985, 454.177, 133.015, 47.1736, 150.236, 38.0236, 0.295946, 38.3195, 8.85409, 0, 0, 0, 0, 153.779, 4.68114, 32.332, 6.61762, 0, 0, 0, 33.8062, 4.68114, 2.06864, 6.61762, 0, 0, 0, 15.1389, 0, 3.46429, 0, 0, 0, 0, 104.833, 0, 26.7991, 0, 0, 0, 0, 0, 5087.89, 0, 3627.59, 0, 0, 0
5407, 9634.96, -2618.34, 23939, 23968.5, 9427.96, 2050.55, 23357.9, 23863.5, 0, 0, 0, 0, 207.282, -1112.16, 581.795, 1151.05, 76.013, -1483.12, 131.269, 370.956, 454.177, 133.015, 54.2867, 152.996, 43.5514, 0.376117, 43.9275, 10.3592, 0, 0, 0, 0, 160.893, 5.50287, 33.1217, 7.76507, 0, 0, 0, 38.6297, 5.50287, 2.389, 7.76507, 0, 0, 0, 17.7102, 0, 4.01619, 0, 0, 0, 0, 104.553, 0, 26.7165, 0, 0, 0, 0, 0, 5503.84, 0, 3924.12, 0, 0, 0
5408, 10882.4, -2298.32, 23939, 23968.5, 10655.8, 2303.21, 23357.9, 23863.5, 1.73217, 0, 1.79251, 0, 226.562, -1060.05, 581.795, 1151.05, 95.9934, -1429.03, 130.568, 368.973, 454.177, 133.015, 68.1371, 158.425, 54.2858, 0.518586, 54.8044, 13.3327, 0, 0, 0, 0, 174.712, 7.10596, 34.7721, 9.97194, 0, 0, 0, 47.9956, 7.10596, 3.0636, 9.97194, 0, 0, 0, 22.7039, 0, 5.15243, 0, 0, 0, 0, 104.012, 0, 26.5561, 0, 0, 0, 0, 0, 6221.01, 0, 4434.83, 0, 0, 0
5409, 12317.8, -1926.21, 23939, 23968.5, 12065.9, 2586.39, 23357.9, 23863.5, 6.06544, 0, 8.32823, 0, 251.914, -991.739, 581.795, 1151.05, 122.229, -1358.21, 129.685, 366.474, 454.177, 133.015, 86.4308, 165.483, 68.5426, 0.711392, 69.254, 17.1768, 0, 0, 0, 0, 193.003, 9.18475, 36.8534, 12.8732, 0, 0, 0, 60.4633, 9.18475, 3.90954, 12.8732, 0, 0, 0, 29.2106, 0, 6.58745, 0, 0, 0, 0, 103.329, 0, 26.3564, 0, 0, 0, 0, 0, 7044.1, 0, 5021.81, 0, 0, 0
5410, 13841.7, -1528.01, 23939, 23968.5, 13559.1, 2880.3, 23357.9, 23863.5, 10.3206, 0.312592, 19.3085, 0.304867, 282.777, -909.822, 581.795, 1151.05, 154.044, -1273.6, 128.733, 363.781, 454.177, 133.015, 108.632, 174.145, 85.8974, 0.909453, 86.8069, 21.825, 0, 0, 0, 0, 215.27, 11.6771, 39.4509, 16.3784, 0, 0, 0, 75.6143, 11.6771, 4.96205, 16.3784, 0, 0, 0, 37.0621, 0, 8.34991, 0, 0, 0, 0, 102.594, 0, 26.139, 0, 0, 0, 0, 0, 7915.52, 0, 5643.55, 0, 0, 0
5411, 15004.7, -1222.26, 23939, 23968.5, 14695.8, 3100.69, 23357.9, 23863.5, 13.3937, 3.41118, 29.049, 3.59068, 309.05, -841.114, 581.795, 1151.05, 181.029, -1202.88, 128.021, 361.767, 454.177, 133.015, 127.481, 181.568, 100.683, 1.05066, 101.733, 25.7482, 0, 0, 0, 0, 234.243, 13.7677, 41.6895, 19.3498, 0, 0, 0, 88.4986, 13.7677, 5.86542, 19.3498, 0, 0, 0, 43.6983, 0, 9.84944, 0, 0, 0, 0, 102.046, 0, 25.9747, 0, 0, 0, 0, 0, 8578.74, 0, 6117.04, 0, 0, 0
5412, 15975.6, -966.089, 23939, 23968.5, 15643, 3283, 23357.9, 23863.5, 15.7011, 5.73716, 38.1027, 6.99382, 332.667, -780.201, 581.795, 1151.05, 205.205, -1140.39, 127.462, 360.187, 454.177, 133.015, 144.374, 188.292, 114.015, 1.13102, 115.146, 29.2284, 0, 0, 0, 0, 251.312, 15.6017, 43.7262, 22.0266, 0, 0, 0, 100.058, 15.6017, 6.68826, 22.0266, 0, 0, 0, 49.6351, 0, 11.1954, 0, 0, 0, 0, 101.619, 0, 25.8426, 0, 0, 0, 0, 0, 9131.05, 0, 6511.97, 0, 0, 0
5413, 16992.8, -712.663, 23939, 23968.5, 16634.3, 3521.77, 23357.9, 23863.5, 18.5046, 8.5048, 47.8909, 12.8792, 358.429, -734.081, 581.795, 1151.05, 229.91, -1097.25, 128.519, 363.172, 454.177, 133.015, 161.642, 196.787, 127.496, 1.30383, 128.8, 32.842, 0, 0, 0, 0, 270.048, 17.5483, 46.1017, 24.7311, 0, 0, 0, 111.865, 17.5483, 7.49804, 24.7311, 0, 0, 0, 55.7086, 0, 12.5597, 0, 0, 0, 0, 102.475, 0, 26.0439, 0, 0, 0, 0, 0, 9709.79, 0, 6924.52, 0, 0, 0
5414, 17787.5, -499.188, 23939, 23968.5, 17407.3, 3670.3, 23357.9, 23863.5, 20.7585, 10.7744, 56.9022, 18.4591, 380.296, -678.921, 581.795, 1151.05, 252.188, -1040.93, 128.108, 362.011, 454.177, 133.015, 177.274, 203.022, 139.772, 1.44192, 141.214, 36.0596, 0, 0, 0, 0, 285.918, 19.2741, 47.9312, 27.1727, 0, 0, 0, 122.61, 19.2741, 8.21705, 27.1727, 0, 0, 0, 61.1484, 0, 13.7656, 0, 0, 0, 0, 102.16, 0, 25.9485, 0, 0, 0, 0, 0, 10160.8, 0, 7246.47, 0, 0, 0
5415, 18397.8, -334.205, 23939, 23968.5, 17999.9, 3782.8, 23357.9, 23863.5, 22.4138, 12.4425, 63.8669, 22.821, 397.977, -634.242, 581.795, 1151.05, 270.207, -995.296, 127.77, 361.054, 454.177, 133.015, 189.89, 208.087, 149.652, 1.54968, 151.202, 38.6874, 0, 0, 0, 0, 298.703, 20.677, 49.4634, 29.133, 0, 0, 0, 131.258, 20.677, 8.82192, 29.133, 0, 0, 0, 65.5456, 0, 14.7714, 0, 0, 0, 0, 101.9, 0, 25.8701, 0, 0, 0, 0, 0, 10506.7, 0, 7493.2, 0, 0, 0
5416, 18642.4, -267.956, 23939, 23968.5, 18237.9, 3826.16, 23357.9, 23863.5, 22.982, 13.0155, 67.0633, 24.8254, 405.063, -616.076, 581.795, 1151.05, 277.444, -976.703, 127.619, 360.628, 454.177, 133.015, 194.979, 210.084, 153.718, 1.5632, 155.281, 39.6984, 0, 0, 0, 0, 303.869, 21.2079, 50.0416, 29.9448, 0, 0, 0, 134.772, 21.2079, 9.05501, 29.9448, 0, 0, 0, 67.3123, 0, 15.1521, 0, 0, 0, 0, 101.785, 0, 25.8345, 0, 0, 0, 0, 0, 10645.3, 0, 7592.61, 0, 0, 0
5417, 18151.8, -400.929, 23939, 23968.5, 17761, 3738.01, 23357.9, 23863.5, 21.5032, 11.5252, 60.6167, 20.7728, 390.744, -652.638, 581.795, 1151.05, 262.825, -1014.11, 127.919, 361.475, 454.177, 133.015, 184.674, 206.07, 145.586, 1.46891, 147.055, 37.6197, 0, 0, 0, 0, 293.417, 20.0866, 48.9082, 28.3325, 0, 0, 0, 127.646, 20.0866, 8.60961, 28.3325, 0, 0, 0, 63.7546, 0, 14.3963, 0, 0, 0, 0, 102.016, 0, 25.9023, 0, 0, 0, 0, 0, 10367.2, 0, 7393.8, 0, 0, 0
5418, 17392.2, -605.905, 23939, 23968.5, 17023, 3597.6, 23357.9, 23863.5, 19.7252, 9.73237, 52.65, 15.8152, 369.181, -707.281, 581.795, 1151.05, 240.837, -1069.96, 128.345, 362.679, 454.177, 133.015, 169.339, 199.843, 133.56, 1.37917, 134.939, 34.3993, 0, 0, 0, 0, 277.897, 18.3909, 46.9556, 25.9379, 0, 0, 0, 117.181, 18.3909, 7.82884, 25.9379, 0, 0, 0, 58.3745, 0, 13.1236, 0, 0, 0, 0, 102.342, 0, 26.0031, 0, 0, 0, 0, 0, 9936.47, 0, 7086.51, 0, 0, 0
5419, 17096.2, -685.739, 23939, 23968.5, 16734.4, 3544.76, 23357.9, 23863.5, 19.0322, 9.033, 49.2538, 13.7249, 361.223, -727.941, 581.795, 1151.05, 232.684, -1091.17, 128.539, 363.228, 454.177, 133.015, 163.619, 197.604, 129.012, 1.35967, 130.371, 33.2475, 0, 0, 0, 0, 272.115, 17.7851, 46.2951, 25.0274, 0, 0, 0, 113.245, 17.7851, 7.561, 25.0274, 0, 0, 0, 56.3795, 0, 12.6857, 0, 0, 0, 0, 102.49, 0, 26.0485, 0, 0, 0, 0, 0, 9768.37, 0, 6966.07, 0, 0, 0
5420, 16680.8, -797.324, 23939, 23968.5, 16330.2, 3467.16, 23357.9, 23863.5, 18.1062, 8.09907, 45.535, 11.4409, 349.991, -756.369, 581.795, 1151.05, 221.228, -1120.23, 128.763, 363.862, 454.177, 133.015, 155.664, 194.327, 122.814, 1.31116, 124.125, 31.5395, 0, 0, 0, 0, 264.081, 16.8878, 45.2314, 23.7913, 0, 0, 0, 107.85, 16.8878, 7.13498, 23.7913, 0, 0, 0, 53.5692, 0, 11.9945, 0, 0, 0, 0, 102.661, 0, 26.102, 0, 0, 0, 0, 0, 9532.25, 0, 6797.95, 0, 0, 0
5421, 15527.5, -1107.03, 23939, 23968.5, 15206.7, 3251.08, 23357.9, 23863.5, 14.8369, 4.80021, 33.4526, 5.21649, 320.943, -832.846, 581.795, 1151.05, 191.366, -1199.01, 129.577, 366.164, 454.177, 133.015, 134.704, 186.239, 106.318, 1.13455, 107.453, 27.251, 0, 0, 0, 0, 242.988, 14.5874, 42.8707, 20.4967, 0, 0, 0, 93.4342, 14.5874, 6.18533, 20.4967, 0, 0, 0, 46.262, 0, 10.3999, 0, 0, 0, 0, 103.292, 0, 26.2855, 0, 0, 0, 0, 0, 8876.94, 0, 6329.73, 0, 0, 0
5422, 14099.8, -1487.5, 23939, 23968.5, 13812, 2978.48, 23357.9, 23863.5, 10.619, 0.547693, 20.3854, 0.53743, 288.217, -918.987, 581.795, 1151.05, 157.709, -1287.78, 130.508, 368.797, 454.177, 133.015, 111.111, 177.106, 87.8161, 0.908405, 88.7245, 22.3868, 0, 0, 0, 0, 219.254, 11.9656, 40.211, 16.7864, 0, 0, 0, 77.2406, 11.9656, 5.11871, 16.7864, 0, 0, 0, 38.0012, 0, 8.59683, 0, 0, 0, 0, 104.012, 0, 26.4955, 0, 0, 0, 0, 0, 8063.2, 0, 5748.75, 0, 0, 0
5423, 12339.9, -1950.48, 23939, 23968.5, 12087.7, 2630.79, 23357.9, 23863.5, 5.6377, 0, 7.66945, 0, 252.639, -1011.93, 581.795, 1151.05, 121.154, -1383.49, 131.485, 371.561, 454.177, 133.015, 85.6102, 167.029, 67.8957, 0.675051, 68.5707, 17.0394, 0, 0, 0, 0, 193.583, 9.09531, 37.202, 12.7589, 0, 0, 0, 59.8456, 9.09531, 3.91034, 12.7589, 0, 0, 0, 28.9735, 0, 6.57066, 0, 0, 0, 0, 104.764, 0, 26.721, 0, 0, 0, 0, 0, 7056.86, 0, 5030.88, 0, 0, 0
5424, 11058.9, -2285.04, 23939, 23968.5, 10829.2, 2373.02, 23357.9, 23863.5, 2.39561, 0, 2.53299, 0, 230.207, -1071.79, 581.795, 1151.05, 97.9886, -1445.42, 132.218, 373.635, 454.177, 133.015, 69.5202, 160.687, 55.3003, 0.570486, 55.8707, 13.6494, 0, 0, 0, 0, 177.462, 7.29462, 35.2691, 10.1807, 0, 0, 0, 48.9284, 7.29462, 3.11652, 10.1807, 0, 0, 0, 23.2089, 0, 5.25946, 0, 0, 0, 0, 105.325, 0, 26.8931, 0, 0, 0, 0, 0, 6322.67, 0, 4506.54, 0, 0, 0
5425, 10202.6, -2506.98, 23939, 23968.5, 9986.27, 2197.74, 23357.9, 23863.5, 0, 0, 0, 0, 216.707, -1107.92, 581.795, 1151.05, 84.0296, -1482.85, 132.677, 374.934, 454.177, 133.015, 59.8294, 156.878, 47.7509, 0.48331, 48.2342, 11.5952, 0, 0, 0, 0, 167.759, 6.19096, 34.1304, 8.62647, 0, 0, 0, 42.3604, 6.19096, 2.65152, 8.62647, 0, 0, 0, 19.7213, 0, 4.47893, 0, 0, 0, 0, 105.677, 0, 27, 0, 0, 0, 0, 0, 5830.74, 0, 4155.52, 0, 0, 0
5426, 9642.26, -2651.81, 23939, 23968.5, 9434.02, 2082.14, 23357.9, 23863.5, 0, 0, 0, 0, 208.492, -1130.18, 581.795, 1151.05, 75.5091, -1505.98, 132.983, 375.799, 454.177, 133.015, 53.9106, 154.582, 43.1704, 0.408344, 43.5788, 10.3318, 0, 0, 0, 0, 161.85, 5.50161, 33.4588, 7.68134, 0, 0, 0, 38.3486, 5.50161, 2.37901, 7.68134, 0, 0, 0, 17.5879, 0, 4.0107, 0, 0, 0, 0, 105.914, 0, 27.0691, 0, 0, 0, 0, 0, 5508.25, 0, 3925.78, 0, 0, 0
5427, 9201.27, -2728.99, 23939, 23968.5, 8999.85, 1962.65, 23357.9, 23863.5, 0, 0, 0, 0, 201.421, -1128.39, 581.795, 1151.05, 69.9052, -1500.05, 131.516, 371.654, 454.177, 133.015, 50.0574, 151.364, 40.1972, 0.371773, 40.5689, 9.48846, 0, 0, 0, 0, 156.677, 5.04869, 32.6352, 7.06024, 0, 0, 0, 35.7681, 5.04869, 2.18037, 7.06024, 0, 0, 0, 16.1692, 0, 3.67859, 0, 0, 0, 0, 104.74, 0, 26.7763, 0, 0, 0, 0, 0, 5254.63, 0, 3745.22, 0, 0, 0
5428, 8855.95, -2816.56, 23939, 23968.5, 8659.09, 1891.96, 23357.9, 23863.5, 0, 0, 0, 0, 196.782, -1140.92, 581.795, 1151.05, 65.0945, -1513.06, 131.688, 372.14, 454.177, 133.015, 46.7326, 150.05, 37.6344, 0.332159, 37.9666, 8.76604, 0, 0, 0, 0, 153.359, 4.6566, 32.2385, 6.52765, 0, 0, 0, 33.5295, 4.6566, 2.01884, 6.52765, 0, 0, 0, 14.9579, 0, 3.40397, 0, 0, 0, 0, 104.872, 0, 26.8157, 0, 0, 0, 0, 0, 5055.54, 0, 3603.55, 0, 0, 0
5429, 8764.15, -2839.4, 23939, 23968.5, 8568.57, 1872.33, 23357.9, 23863.5, 0, 0, 0, 0, 195.571, -1144, 581.795, 1151.05, 63.8544, -1516.22, 131.717, 372.223, 454.177, 133.015, 45.86, 149.711, 36.9673, 0.310106, 37.2774, 8.58255, 0, 0, 0, 0, 152.473, 4.54942, 32.1576, 6.39074, 0, 0, 0, 32.9299, 4.54942, 1.9899, 6.39074, 0, 0, 0, 14.648, 0, 3.34632, 0, 0, 0, 0, 104.895, 0, 26.8214, 0, 0, 0, 0, 0, 5002.58, 0, 3565.99, 0, 0, 0
5430, 8930.89, -2797.32, 23939, 23968.5, 8733.29, 1906.68, 23357.9, 23863.5, 0, 0, 0, 0, 197.643, -1138.33, 581.795, 1151.05, 66.008, -1510.32, 131.635, 371.991, 454.177, 133.015, 47.3664, 150.276, 38.1682, 0.318154, 38.4863, 8.88009, 0, 0, 0, 0, 153.987, 4.70972, 32.3024, 6.64421, 0, 0, 0, 33.962, 4.70972, 2.05055, 6.64421, 0, 0, 0, 15.1917, 0, 3.44985, 0, 0, 0, 0, 104.833, 0, 26.802, 0, 0, 0, 0, 0, 5098.38, 0, 3634.9, 0, 0, 0
5431, 9574.07, -2634.06, 23939, 23968.5, 9367.85, 2038.28, 23357.9, 23863.5, 0, 0, 0, 0, 206.459, -1114.58, 581.795, 1151.05, 75.1447, -1485.66, 131.314, 371.084, 454.177, 133.015, 53.6414, 152.817, 43.047, 0.347769, 43.3948, 10.2466, 0, 0, 0, 0, 160.248, 5.4255, 33.1212, 7.66411, 0, 0, 0, 38.1586, 5.4255, 2.39317, 7.66411, 0, 0, 0, 17.4989, 0, 4.00433, 0, 0, 0, 0, 104.59, 0, 26.7237, 0, 0, 0, 0, 0, 5468.73, 0, 3899.12, 0, 0, 0
5432, 10561.1, -2381.73, 23939, 23968.5, 10339.8, 2239.53, 23357.9, 23863.5, 0.711014, 0, 0.710807, 0, 221.357, -1074.53, 581.795, 1151.05, 90.567, -1444.13, 130.79, 369.6, 454.177, 133.015, 64.3622, 156.994, 51.3601, 0.473435, 51.8336, 12.5286, 0, 0, 0, 0, 170.969, 6.66891, 34.3444, 9.37395, 0, 0, 0, 45.4318, 6.66891, 2.88746, 9.37395, 0, 0, 0, 21.3531, 0, 4.85177, 0, 0, 0, 0, 104.184, 0, 26.6051, 0, 0, 0, 0, 0, 6036.41, 0, 4303.39, 0, 0, 0
5433, 11469.6, -2147.67, 23939, 23968.5, 11233.3, 2421.22, 23357.9, 23863.5, 3.10687, 0, 3.36194, 0, 236.404, -1034.11, 581.795, 1151.05, 106.131, -1402.24, 130.272, 368.136, 454.177, 133.015, 75.1726, 161.231, 59.8181, 0.549683, 60.3678, 14.8048, 0, 0, 0, 0, 181.787, 7.88138, 35.6249, 11.1099, 0, 0, 0, 52.7668, 7.88138, 3.41452, 11.1099, 0, 0, 0, 25.2327, 0, 5.72601, 0, 0, 0, 0, 103.788, 0, 26.4844, 0, 0, 0, 0, 0, 6557.66, 0, 4675.6, 0, 0, 0
5434, 12250.8, -1944.66, 23939, 23968.5, 12000.3, 2574.74, 23357.9, 23863.5, 6.00174, 0, 8.21685, 0, 250.552, -995.976, 581.795, 1151.05, 120.771, -1362.72, 129.781, 366.745, 454.177, 133.015, 85.4525, 165.099, 67.8113, 0.707577, 68.5189, 16.9336, 0, 0, 0, 0, 192.08, 9.06143, 36.6843, 12.7257, 0, 0, 0, 59.8305, 9.06143, 3.83487, 12.7257, 0, 0, 0, 28.8466, 0, 6.4717, 0, 0, 0, 0, 103.403, 0, 26.3777, 0, 0, 0, 0, 0, 7005.54, 0, 4994.74, 0, 0, 0
5435, 13299.3, -1671.2, 23939, 23968.5, 13028.1, 2778.23, 23357.9, 23863.5, 8.35173, 0, 14.5806, 0, 271.333, -940.973, 581.795, 1151.05, 142.186, -1305.93, 129.147, 364.954, 454.177, 133.015, 100.282, 171.051, 79.3802, 0.788658, 80.1689, 20.1133, 0, 0, 0, 0, 206.928, 10.7321, 38.5996, 15.0732, 0, 0, 0, 69.8552, 10.7321, 4.62162, 15.0732, 0, 0, 0, 34.1541, 0, 7.74966, 0, 0, 0, 0, 102.919, 0, 26.2284, 0, 0, 0, 0, 0, 7605.55, 0, 5422.5, 0, 0, 0
5436, 14443.3, -1371.24, 23939, 23968.5, 14147.3, 2997, 23357.9, 23863.5, 11.7786, 1.78018, 23.9663, 1.80139, 296.063, -876.039, 581.795, 1151.05, 167.613, -1239.02, 128.45, 362.982, 454.177, 133.015, 118.082, 177.981, 93.3078, 0.966916, 94.2748, 23.8073, 0, 0, 0, 0, 224.837, 12.7255, 40.6275, 17.8724, 0, 0, 0, 82.0507, 12.7255, 5.43345, 17.8724, 0, 0, 0, 40.407, 0, 9.12358, 0, 0, 0, 0, 102.38, 0, 26.0705, 0, 0, 0, 0, 0, 8258.76, 0, 5888.58, 0, 0, 0
5437, 15008.7, -1222.35, 23939, 23968.5, 14699.4, 3104.15, 23357.9, 23863.5, 13.2312, 3.24489, 28.4767, 3.40211, 309.28, -841.869, 581.795, 1151.05, 181.158, -1203.92, 128.122, 362.055, 454.177, 133.015, 127.51, 181.77, 100.651, 1.04526, 101.697, 25.813, 0, 0, 0, 0, 234.33, 13.7915, 41.815, 19.3442, 0, 0, 0, 88.4637, 13.7915, 5.91039, 19.3442, 0, 0, 0, 43.7378, 0, 9.9103, 0, 0, 0, 0, 102.128, 0, 25.9944, 0, 0, 0, 0, 0, 8581.15, 0, 6118.27, 0, 0, 0
5438, 15033.3, -1215.32, 23939, 23968.5, 14724.2, 3108.22, 23357.9, 23863.5, 13.2571, 3.27174, 29.469, 3.43255, 309.489, -840.48, 581.795, 1151.05, 181.433, -1202.35, 128.056, 361.868, 454.177, 133.015, 127.771, 181.718, 100.998, 1.01056, 102.009, 25.7627, 0, 0, 0, 0, 234.591, 13.7603, 41.7157, 19.4225, 0, 0, 0, 88.71, 13.7603, 5.87853, 19.4225, 0, 0, 0, 43.804, 0, 9.85773, 0, 0, 0, 0, 102.077, 0, 25.9794, 0, 0, 0, 0, 0, 8594.83, 0, 6129.35, 0, 0, 0
5439, 14892.9, -1252.94, 23939, 23968.5, 14586.4, 3081.98, 23357.9, 23863.5, 13.1244, 3.13628, 28.6513, 3.27962, 306.134, -849.342, 581.795, 1151.05, 177.979, -1211.49, 128.155, 362.146, 454.177, 133.015, 125.406, 180.727, 99.1466, 1.01913, 100.166, 25.2404, 0, 0, 0, 0, 232.232, 13.4985, 41.3557, 19.0477, 0, 0, 0, 87.1327, 13.4985, 5.72719, 19.0477, 0, 0, 0, 42.9476, 0, 9.62494, 0, 0, 0, 0, 102.151, 0, 26.0036, 0, 0, 0, 0, 0, 8514.39, 0, 6072.01, 0, 0, 0
5440, 15243.1, -1160.28, 23939, 23968.5, 14928.4, 3147.7, 23357.9, 23863.5, 13.7428, 3.76155, 30.8078, 3.9923, 314.697, -827.365, 581.795, 1151.05, 186.745, -1188.94, 127.953, 361.576, 454.177, 133.015, 131.431, 183.266, 103.799, 1.04565, 104.844, 26.5867, 0, 0, 0, 0, 238.274, 14.1951, 42.2473, 19.9806, 0, 0, 0, 91.1649, 14.1951, 6.09043, 19.9806, 0, 0, 0, 45.1114, 0, 10.2021, 0, 0, 0, 0, 101.998, 0, 25.9548, 0, 0, 0, 0, 0, 8714.4, 0, 6214.03, 0, 0, 0
5441, 15725.9, -1033.01, 23939, 23968.5, 15399.3, 3239.1, 23357.9, 23863.5, 15.2945, 5.32375, 35.4268, 5.85762, 326.627, -797.082, 581.795, 1151.05, 198.921, -1157.96, 127.705, 360.875, 454.177, 133.015, 139.967, 186.659, 110.44, 1.15421, 111.594, 28.3734, 0, 0, 0, 0, 246.918, 15.1669, 43.2397, 21.3021, 0, 0, 0, 97.0212, 15.1669, 6.47716, 21.3021, 0, 0, 0, 48.0902, 0, 10.8637, 0, 0, 0, 0, 101.807, 0, 25.8988, 0, 0, 0, 0, 0, 8989.45, 0, 6409.89, 0, 0, 0
5442, 15935, -979.317, 23939, 23968.5, 15602.9, 3281.02, 23357.9, 23863.5, 15.7534, 5.78246, 37.2803, 6.50232, 331.812, -785.134, 581.795, 1151.05, 204.113, -1145.99, 127.7, 360.859, 454.177, 133.015, 143.583, 188.23, 113.283, 1.17009, 114.453, 29.1295, 0, 0, 0, 0, 250.657, 15.5635, 43.718, 21.8735, 0, 0, 0, 99.4841, 15.5635, 6.66147, 21.8735, 0, 0, 0, 49.3671, 0, 11.1629, 0, 0, 0, 0, 101.806, 0, 25.8936, 0, 0, 0, 0, 0, 9108.2, 0, 6494.72, 0, 0, 0
5443, 15863.6, -998.888, 23939, 23968.5, 15532.6, 3269.62, 23357.9, 23863.5, 15.5106, 5.53602, 35.7471, 6.11979, 330.341, -790.086, 581.795, 1151.05, 202.52, -1151.29, 127.822, 361.204, 454.177, 133.015, 142.39, 187.952, 112.217, 1.18861, 113.405, 28.9844, 0, 0, 0, 0, 249.478, 15.4838, 43.725, 21.6544, 0, 0, 0, 98.5946, 15.4838, 6.65692, 21.6544, 0, 0, 0, 48.9816, 0, 11.1483, 0, 0, 0, 0, 101.902, 0, 25.9198, 0, 0, 0, 0, 0, 9067.79, 0, 6464.83, 0, 0, 0
5444, 15637.8, -1058.21, 23939, 23968.5, 15313.1, 3227.18, 23357.9, 23863.5, 15.1561, 5.17845, 34.5857, 5.67857, 324.422, -804.69, 581.795, 1151.05, 196.507, -1166.16, 127.915, 361.466, 454.177, 133.015, 138.285, 186.137, 109.094, 1.15988, 110.254, 28.0311, 0, 0, 0, 0, 245.341, 14.9928, 43.0568, 21.0316, 0, 0, 0, 95.8719, 14.9928, 6.3884, 21.0316, 0, 0, 0, 47.4979, 0, 10.7246, 0, 0, 0, 0, 101.971, 0, 25.9438, 0, 0, 0, 0, 0, 8939.23, 0, 6373.84, 0, 0, 0
5445, 14981.6, -1231.55, 23939, 23968.5, 14672.8, 3103.86, 23357.9, 23863.5, 13.3953, 3.40353, 28.284, 3.58175, 308.714, -845.508, 581.795, 1151.05, 180.401, -1208.1, 128.312, 362.591, 454.177, 133.015, 126.996, 181.718, 100.19, 1.0832, 101.274, 25.7224, 0, 0, 0, 0, 233.945, 13.7612, 41.7615, 19.2463, 0, 0, 0, 88.1204, 13.7612, 5.86803, 19.2463, 0, 0, 0, 43.5477, 0, 9.85782, 0, 0, 0, 0, 102.277, 0, 26.0356, 0, 0, 0, 0, 0, 8565.93, 0, 6106.92, 0, 0, 0
5446, 13573.6, -1601.93, 23939, 23968.5, 13296.4, 2835.56, 23357.9, 23863.5, 9.14158, 0, 16.3292, 0, 277.21, -927.792, 581.795, 1151.05, 148.047, -1292.79, 129.163, 364.997, 454.177, 133.015, 104.346, 172.864, 82.4981, 0.842254, 83.3403, 21.0054, 0, 0, 0, 0, 211.139, 11.2128, 39.1589, 15.6994, 0, 0, 0, 72.6027, 11.2128, 4.83071, 15.6994, 0, 0, 0, 35.6013, 0, 8.10024, 0, 0, 0, 0, 102.935, 0, 26.2279, 0, 0, 0, 0, 0, 7762.49, 0, 5533.87, 0, 0, 0
5447, 12037.7, -2001.35, 23939, 23968.5, 11790.7, 2534.71, 23357.9, 23863.5, 5.05428, 0, 5.94642, 0, 246.932, -1007.04, 581.795, 1151.05, 116.924, -1374.42, 130.008, 367.387, 454.177, 133.015, 82.6647, 164.267, 65.5333, 0.675716, 66.209, 16.4557, 0, 0, 0, 0, 189.323, 8.78641, 36.5603, 12.2614, 0, 0, 0, 57.8369, 8.78641, 3.78002, 12.2614, 0, 0, 0, 27.9042, 0, 6.35493, 0, 0, 0, 0, 103.582, 0, 26.4253, 0, 0, 0, 0, 0, 6883.97, 0, 4906.75, 0, 0, 0
5448, 10750.1, -2333.53, 23939, 23968.5, 10525.5, 2277.92, 23357.9, 23863.5, 1.51397, 0, 1.55531, 0, 224.528, -1066.39, 581.795, 1151.05, 93.8187, -1435.76, 130.709, 369.372, 454.177, 133.015, 66.6257, 157.902, 53.0682, 0.526395, 53.5946, 13.0311, 0, 0, 0, 0, 173.247, 6.95218, 34.6107, 9.71801, 0, 0, 0, 46.9671, 6.95218, 2.98842, 9.71801, 0, 0, 0, 22.159, 0, 5.03393, 0, 0, 0, 0, 104.121, 0, 26.5883, 0, 0, 0, 0, 0