hour, t(sec), |V|1 (volts), |V|2 (volts), |V|3 (volts), |I|1 (amps), |I|2 (amps), |I|3 (amps)
0, 60.00000, 7292.83, 7218.52, 7249.49, 15.614, 7.6465, 6.94627
0, 120.00000, 7292.22, 7219.89, 7251.94, 15.576, 7.64172, 6.87615
0, 180.00000, 7291.09, 7221.29, 7254.54, 15.5551, 7.63969, 6.79842
0, 240.00000, 7289.57, 7222.69, 7257.16, 15.5496, 7.639, 6.71676
0, 300.00000, 7287.77, 7224.08, 7259.64, 15.5592, 7.63851, 6.63546
0, 360.00000, 7285.82, 7225.44, 7261.81, 15.5831, 7.63691, 6.55888
0, 420.00000, 7283.82, 7226.75, 7263.51, 15.6201, 7.63279, 6.49126
0, 480.00000, 7281.91, 7228, 7264.6, 15.6688, 7.62474, 6.43651
0, 540.00000, 7280.22, 7229.2, 7264.95, 15.7274, 7.61148, 6.398
0, 600.00000, 7278.84, 7230.34, 7264.49, 15.7939, 7.59193, 6.37846
0, 660.00000, 7277.89, 7231.42, 7263.14, 15.8659, 7.56529, 6.37983
0, 720.00000, 7278.21, 7232.86, 7259.47, 15.9483, 7.51057, 6.43182
0, 780.00000, 7279.04, 7234.21, 7255.02, 16.0301, 7.45021, 6.50379
0, 840.00000, 7280.35, 7235.42, 7249.92, 16.1078, 7.38622, 6.5932
0, 900.00000, 7282.01, 7236.47, 7244.52, 16.1801, 7.32119, 6.69431
0, 960.00000, 7283.97, 7237.34, 7238.98, 16.2437, 7.25736, 6.8034
0, 1020.00000, 7286.13, 7238.01, 7233.54, 16.296, 7.19713, 6.91553
0, 1080.00000, 7288.4, 7238.45, 7228.46, 16.3351, 7.14279, 7.02553
0, 1140.00000, 7290.59, 7238.69, 7224.02, 16.361, 7.09631, 7.12731
0, 1200.00000, 7292.74, 7238.68, 7220.32, 16.3701, 7.05972, 7.21803
0, 1260.00000, 7294.67, 7238.44, 7217.61, 16.3633, 7.03438, 7.2923
0, 1320.00000, 7295.89, 7237.76, 7217.5, 16.3157, 7.03459, 7.31802
0, 1380.00000, 7296.73, 7236.91, 7218.52, 16.2566, 7.04645, 7.32288
0, 1440.00000, 7297.18, 7235.93, 7220.55, 16.1893, 7.06899, 7.30792
0, 1500.00000, 7297.22, 7234.89, 7223.47, 16.1179, 7.10082, 7.27461
0, 1560.00000, 7296.87, 7233.83, 7227.11, 16.0466, 7.14019, 7.22518
0, 1620.00000, 7296.13, 7232.82, 7231.28, 15.9793, 7.18505, 7.16241
0, 1680.00000, 7295.04, 7231.9, 7235.78, 15.9199, 7.23317, 7.08955
0, 1740.00000, 7293.65, 7231.13, 7240.4, 15.8715, 7.28218, 7.01013
0, 1800.00000, 7292.02, 7230.55, 7244.92, 15.8367, 7.3297, 6.92778
0, 1860.00000, 7290.21, 7230.21, 7249.16, 15.8173, 7.37344, 6.84608
0, 1920.00000, 7288.38, 7230.4, 7252.01, 15.8446, 7.40102, 6.78431
0, 1980.00000, 7286.51, 7230.84, 7254.32, 15.8855, 7.42179, 6.72832
0, 2040.00000, 7284.66, 7231.51, 7256.08, 15.9367, 7.43519, 6.67915
0, 2100.00000, 7282.89, 7232.37, 7257.28, 15.994, 7.44104, 6.63774
0, 2160.00000, 7281.26, 7233.4, 7257.94, 16.053, 7.43943, 6.60463
0, 2220.00000, 7279.84, 7234.54, 7258.09, 16.1088, 7.43077, 6.58005
0, 2280.00000, 7278.67, 7235.75, 7257.81, 16.1568, 7.41575, 6.56387
0, 2340.00000, 7277.79, 7236.96, 7257.15, 16.1925, 7.39531, 6.55572
0, 2400.00000, 7277.24, 7238.13, 7256.23, 16.2121, 7.3706, 6.55497
0, 2460.00000, 7277.04, 7239.21, 7255.12, 16.2125, 7.34286, 6.56084
0, 2520.00000, 7277.43, 7240.01, 7254.34, 16.1538, 7.31609, 6.56528
0, 2580.00000, 7278.15, 7240.62, 7253.53, 16.076, 7.28887, 6.57501
0, 2640.00000, 7279.16, 7241.03, 7252.76, 15.9826, 7.26233, 6.58973
0, 2700.00000, 7280.41, 7241.21, 7252.06, 15.8775, 7.23767, 6.60899
0, 2760.00000, 7281.84, 7241.14, 7251.47, 15.7653, 7.21598, 6.63233
0, 2820.00000, 7283.4, 7240.83, 7251.02, 15.651, 7.19829, 6.6593
0, 2880.00000, 7285.01, 7240.27, 7250.74, 15.5396, 7.18551, 6.68946
0, 2940.00000, 7286.62, 7239.46, 7250.64, 15.436, 7.1784, 6.72239
0, 3000.00000, 7288.17, 7238.42, 7250.7, 15.3448, 7.17755, 6.7577
0, 3060.00000, 7289.61, 7237.16, 7250.92, 15.2701, 7.18337, 6.79501
0, 3120.00000, 7290.71, 7235.98, 7251.47, 15.2364, 7.18955, 6.82922
0, 3180.00000, 7291.62, 7234.61, 7252.12, 15.2235, 7.20306, 6.86515
0, 3240.00000, 7292.34, 7233.07, 7252.79, 15.2311, 7.22437, 6.90294
0, 3300.00000, 7292.85, 7231.38, 7253.44, 15.2587, 7.25352, 6.94261
0, 3360.00000, 7293.16, 7229.55, 7253.99, 15.3047, 7.29032, 6.9841
0, 3420.00000, 7293.28, 7227.61, 7254.4, 15.3672, 7.33422, 7.02728
0, 3480.00000, 7293.22, 7225.59, 7254.61, 15.4435, 7.38437, 7.07181
0, 3540.00000, 7293.01, 7223.55, 7254.58, 15.5306, 7.4396, 7.11725
1, 0.00000, 7292.67, 7221.52, 7254.27, 15.625, 7.49843, 7.16297
1, 60.00000, 7292.24, 7219.55, 7253.65, 15.7231, 7.5591, 7.20818
1, 120.00000, 7291.86, 7217.29, 7252.39, 15.8103, 7.63486, 7.26234
1, 180.00000, 7291.44, 7215.23, 7250.85, 15.8945, 7.70726, 7.31322
1, 240.00000, 7291, 7213.48, 7249.09, 15.9735, 7.77258, 7.35876
1, 300.00000, 7290.56, 7212.13, 7247.17, 16.0448, 7.82733, 7.39697
1, 360.00000, 7290.13, 7211.25, 7245.17, 16.1065, 7.86825, 7.42604
1, 420.00000, 7289.74, 7210.91, 7243.16, 16.1571, 7.8926, 7.44433
1, 480.00000, 7289.39, 7211.17, 7241.22, 16.1954, 7.89825, 7.45054
1, 540.00000, 7289.09, 7212.04, 7239.42, 16.2207, 7.88383, 7.44374
1, 600.00000, 7288.84, 7213.54, 7237.86, 16.233, 7.84888, 7.42343
1, 660.00000, 7288.65, 7215.63, 7236.59, 16.2325, 7.79388, 7.38963
1, 720.00000, 7288.66, 7219.17, 7236.09, 16.2093, 7.68675, 7.32264
1, 780.00000, 7288.7, 7223.11, 7235.96, 16.1762, 7.56652, 7.24538
1, 840.00000, 7288.75, 7227.28, 7236.18, 16.1359, 7.4395, 7.16113
1, 900.00000, 7288.79, 7231.47, 7236.73, 16.0911, 7.31198, 7.07335
1, 960.00000, 7288.8, 7235.52, 7237.59, 16.0445, 7.19017, 6.98556
1, 1020.00000, 7288.76, 7239.24, 7238.72, 15.9988, 7.07995, 6.90127
1, 1080.00000, 7288.64, 7242.48, 7240.09, 15.9567, 6.98659, 6.82375
1, 1140.00000, 7288.41, 7245.09, 7241.65, 15.9202, 6.91457, 6.75596
1, 1200.00000, 7288.08, 7246.96, 7243.34, 15.8913, 6.86747, 6.70037
1, 1260.00000, 7287.63, 7248, 7245.13, 15.8713, 6.84791, 6.65889
1, 1320.00000, 7286.87, 7247.14, 7246.77, 15.8764, 6.89675, 6.6544
1, 1380.00000, 7286.01, 7245.46, 7248.43, 15.8904, 6.97252, 6.66397
1, 1440.00000, 7285.07, 7243.08, 7250.08, 15.9117, 7.07134, 6.68568
1, 1500.00000, 7284.1, 7240.13, 7251.69, 15.9383, 7.18837, 6.71707
1, 1560.00000, 7283.13, 7236.76, 7253.25, 15.9681, 7.31786, 6.75526
1, 1620.00000, 7282.18, 7233.16, 7254.73, 15.9986, 7.45331, 6.7971
1, 1680.00000, 7281.31, 7229.51, 7256.11, 16.0273, 7.58777, 6.83933
1, 1740.00000, 7280.54, 7226, 7257.38, 16.0519, 7.71424, 6.87871
1, 1800.00000, 7279.89, 7222.81, 7258.54, 16.0701, 7.82597, 6.91225
1, 1860.00000, 7279.39, 7220.12, 7259.56, 16.08, 7.91695, 6.93731
1, 1920.00000, 7279.41, 7219.12, 7260.56, 16.0567, 7.93701, 6.92988
1, 1980.00000, 7279.57, 7218.78, 7261.39, 16.0249, 7.93139, 6.91226
1, 2040.00000, 7279.85, 7219.07, 7262.05, 15.9863, 7.90228, 6.88544
1, 2100.00000, 7280.21, 7219.94, 7262.53, 15.9429, 7.85277, 6.85094
1, 2160.00000, 7280.63, 7221.32, 7262.81, 15.8972, 7.78676, 6.81071
1, 2220.00000, 7281.06, 7223.1, 7262.9, 15.8517, 7.70887, 6.76703
1, 2280.00000, 7281.47, 7225.18, 7262.77, 15.8087, 7.62402, 6.7224
1, 2340.00000, 7281.84, 7227.44, 7262.44, 15.7707, 7.53718, 6.67941
1, 2400.00000, 7282.14, 7229.75, 7261.91, 15.7398, 7.45314, 6.64057
1, 2460.00000, 7282.35, 7231.99, 7261.16, 15.7179, 7.37621, 6.60828
1, 2520.00000, 7282.12, 7233.51, 7260.41, 15.7205, 7.34102, 6.59465
1, 2580.00000, 7281.82, 7234.8, 7259.47, 15.7333, 7.3168, 6.59036
1, 2640.00000, 7281.46, 7235.84, 7258.31, 15.7553, 7.30321, 6.59595
1, 2700.00000, 7281.1, 7236.61, 7256.95, 15.7853, 7.29945, 6.6115
1, 2760.00000, 7280.78, 7237.08, 7255.38, 15.8218, 7.30416, 6.63669
1, 2820.00000, 7280.53, 7237.27, 7253.64, 15.8628, 7.31558, 6.67081
1, 2880.00000, 7280.39, 7237.19, 7251.72, 15.9065, 7.33158, 6.71277
1, 2940.00000, 7280.41, 7236.87, 7249.67, 15.9506, 7.34986, 6.76121
1, 3000.00000, 7280.6, 7236.34, 7247.51, 15.993, 7.368, 6.81443
1, 3060.00000, 7281.01, 7235.66, 7245.3, 16.0316, 7.38366, 6.87055
1, 3120.00000, 7282.06, 7235.09, 7242.8, 16.0485, 7.37279, 6.92563
1, 3180.00000, 7283.3, 7234.45, 7240.38, 16.0592, 7.35754, 6.9797
1, 3240.00000, 7284.68, 7233.75, 7238.12, 16.064, 7.33838, 7.03068
1, 3300.00000, 7286.14, 7233.04, 7236.11, 16.0631, 7.31612, 7.07661
1, 3360.00000, 7287.62, 7232.35, 7234.45, 16.057, 7.29173, 7.11562
1, 3420.00000, 7289.06, 7231.71, 7233.2, 16.0463, 7.26634, 7.14606
1, 3480.00000, 7290.41, 7231.14, 7232.45, 16.0317, 7.24119, 7.1665
1, 3540.00000, 7291.59, 7230.68, 7232.23, 16.0138, 7.21748, 7.17582
2, 0.00000, 7292.57, 7230.33, 7232.59, 15.9935, 7.1964, 7.17327
2, 60.00000, 7293.3, 7230.13, 7233.56, 15.9714, 7.17898, 7.15849
2, 120.00000, 7293.44, 7230.17, 7235.59, 15.9566, 7.17694, 7.12499
2, 180.00000, 7293.3, 7230.37, 7238.16, 15.9406, 7.17914, 7.08028
2, 240.00000, 7292.9, 7230.69, 7241.18, 15.923, 7.18526, 7.0259
2, 300.00000, 7292.28, 7231.13, 7244.56, 15.9035, 7.19481, 6.96368
2, 360.00000, 7291.46, 7231.66, 7248.17, 15.8815, 7.2072, 6.89568
2, 420.00000, 7290.5, 7232.26, 7251.91, 15.8569, 7.22172, 6.82416
2, 480.00000, 7289.44, 7232.9, 7255.66, 15.8294, 7.23764, 6.75149
2, 540.00000, 7288.34, 7233.56, 7259.28, 15.7989, 7.25422, 6.6801
2, 600.00000, 7287.24, 7234.2, 7262.68, 15.7655, 7.27074, 6.61232
2, 660.00000, 7286.2, 7234.8, 7265.73, 15.7294, 7.28659, 6.55038
2, 720.00000, 7285.52, 7235.28, 7268.04, 15.6788, 7.29075, 6.50018
2, 780.00000, 7284.96, 7235.67, 7269.86, 15.6278, 7.29427, 6.45931
2, 840.00000, 7284.52, 7235.97, 7271.17, 15.5785, 7.29776, 6.4288
2, 900.00000, 7284.21, 7236.17, 7271.96, 15.5332, 7.30199, 6.40946
2, 960.00000, 7284.02, 7236.27, 7272.21, 15.4938, 7.30777, 6.40178
2, 1020.00000, 7283.95, 7236.27, 7271.93, 15.4625, 7.31587, 6.40589
2, 1080.00000, 7283.99, 7236.18, 7271.17, 15.441, 7.32704, 6.42164
2, 1140.00000, 7284.12, 7235.99, 7269.94, 15.4311, 7.34188, 6.44854
2, 1200.00000, 7284.32, 7235.71, 7268.29, 15.4341, 7.36089, 6.48582
2, 1260.00000, 7284.57, 7235.37, 7266.29, 15.451, 7.38433, 6.53246
2, 1320.00000, 7284.83, 7235.15, 7264.34, 15.4842, 7.41863, 6.58235
2, 1380.00000, 7285.1, 7234.87, 7262.12, 15.5323, 7.45676, 6.63928
2, 1440.00000, 7285.34, 7234.52, 7259.67, 15.5947, 7.4978, 6.70212
2, 1500.00000, 7285.55, 7234.11, 7257.04, 15.6708, 7.54056, 6.76954
2, 1560.00000, 7285.69, 7233.63, 7254.26, 15.7592, 7.58365, 6.84007
2, 1620.00000, 7285.76, 7233.09, 7251.38, 15.8583, 7.62559, 6.91212
2, 1680.00000, 7285.74, 7232.51, 7248.46, 15.9659, 7.66479, 6.98405
2, 1740.00000, 7285.62, 7231.9, 7245.54, 16.0795, 7.6997, 7.05413
2, 1800.00000, 7285.4, 7231.27, 7242.69, 16.1963, 7.72887, 7.12064
2, 1860.00000, 7285.08, 7230.65, 7239.97, 16.3132, 7.75097, 7.18187
2, 1920.00000, 7284.61, 7229.85, 7237.12, 16.4289, 7.75964, 7.24102
2, 1980.00000, 7284.06, 7229.13, 7234.54, 16.5382, 7.75996, 7.29143
2, 2040.00000, 7283.45, 7228.52, 7232.31, 16.6381, 7.75184, 7.33126
2, 2100.00000, 7282.79, 7228.06, 7230.51, 16.7256, 7.73556, 7.35897
2, 2160.00000, 7282.11, 7227.8, 7229.2, 16.7981, 7.71159, 7.37335
2, 2220.00000, 7281.43, 7227.76, 7228.46, 16.8533, 7.68069, 7.37353
2, 2280.00000, 7280.77, 7227.98, 7228.31, 16.8896, 7.64374, 7.35904
2, 2340.00000, 7280.15, 7228.47, 7228.77, 16.9059, 7.60184, 7.32989
2, 2400.00000, 7279.59, 7229.25, 7229.85, 16.9017, 7.55617, 7.28651
2, 2460.00000, 7279.11, 7230.3, 7231.54, 16.8772, 7.50802, 7.22984
2, 2520.00000, 7278.95, 7232.08, 7234.33, 16.8154, 7.45458, 7.14734
2, 2580.00000, 7278.85, 7234.07, 7237.58, 16.737, 7.40156, 7.05584
2, 2640.00000, 7278.82, 7236.19, 7241.17, 16.6456, 7.35078, 6.95876
2, 2700.00000, 7278.82, 7238.35, 7244.98, 16.545, 7.30393, 6.85957
2, 2760.00000, 7278.83, 7240.47, 7248.88, 16.4395, 7.26256, 6.76178
2, 2820.00000, 7278.84, 7242.47, 7252.74, 16.333, 7.22804, 6.66872
2, 2880.00000, 7278.82, 7244.28, 7256.42, 16.2297, 7.20154, 6.58353
2, 2940.00000, 7278.76, 7245.81, 7259.83, 16.1334, 7.18392, 6.50891
2, 3000.00000, 7278.63, 7247, 7262.84, 16.0473, 7.17577, 6.44711
2, 3060.00000, 7278.43, 7247.83, 7265.38, 15.9741, 7.17729, 6.39979
2, 3120.00000, 7277.97, 7247.77, 7266.98, 15.9321, 7.19572, 6.38419
2, 3180.00000, 7277.44, 7247.32, 7268.04, 15.905, 7.22266, 6.38315
2, 3240.00000, 7276.87, 7246.55, 7268.56, 15.8921, 7.25652, 6.39504
2, 3300.00000, 7276.28, 7245.5, 7268.58, 15.8919, 7.29555, 6.41775
2, 3360.00000, 7275.7, 7244.24, 7268.16, 15.9024, 7.33779, 6.44878
2, 3420.00000, 7275.16, 7242.86, 7267.35, 15.9212, 7.38119, 6.48531
2, 3480.00000, 7274.68, 7241.43, 7266.23, 15.9455, 7.4237, 6.52444
2, 3540.00000, 7274.29, 7240.03, 7264.9, 15.9723, 7.46333, 6.5632
3, 0.00000, 7274.02, 7238.73, 7263.45, 15.9987, 7.49829, 6.59882
3, 60.00000, 7273.89, 7237.61, 7261.96, 16.0218, 7.52708, 6.62877
3, 120.00000, 7274.2, 7237.18, 7260.8, 16.0213, 7.53697, 6.6346
3, 180.00000, 7274.65, 7236.99, 7259.76, 16.0142, 7.53957, 6.63248
3, 240.00000, 7275.22, 7237.01, 7258.9, 16.0001, 7.53561, 6.62275
3, 300.00000, 7275.87, 7237.22, 7258.26, 15.9792, 7.52598, 6.60618
3, 360.00000, 7276.58, 7237.58, 7257.87, 15.9519, 7.51184, 6.58396
3, 420.00000, 7277.33, 7238.04, 7257.76, 15.9188, 7.49455, 6.55758
3, 480.00000, 7278.08, 7238.55, 7257.92, 15.8809, 7.4756, 6.52885
3, 540.00000, 7278.81, 7239.05, 7258.35, 15.8394, 7.45648, 6.49972
3, 600.00000, 7279.5, 7239.49, 7259.03, 15.7957, 7.4387, 6.47223
3, 660.00000, 7280.12, 7239.82, 7259.92, 15.7512, 7.42366, 6.44843
3, 720.00000, 7280.45, 7239.9, 7261.11, 15.7129, 7.41711, 6.43572
3, 780.00000, 7280.7, 7239.77, 7262.4, 15.6765, 7.41515, 6.42992
3, 840.00000, 7280.91, 7239.41, 7263.73, 15.6428, 7.41819, 6.43222
3, 900.00000, 7281.09, 7238.78, 7265.01, 15.6127, 7.42639, 6.44349
3, 960.00000, 7281.26, 7237.88, 7266.17, 15.5871, 7.43968, 6.46434
3, 1020.00000, 7281.45, 7236.72, 7267.13, 15.5665, 7.4577, 6.49504
3, 1080.00000, 7281.69, 7235.31, 7267.81, 15.5517, 7.47988, 6.53551
3, 1140.00000, 7281.98, 7233.67, 7268.15, 15.5431, 7.50538, 6.58531
3, 1200.00000, 7282.37, 7231.85, 7268.1, 15.5409, 7.5332, 6.64365
3, 1260.00000, 7282.84, 7229.89, 7267.62, 15.5455, 7.56213, 6.70939
3, 1320.00000, 7283.6, 7227.7, 7266.64, 15.5519, 7.59159, 6.7797
3, 1380.00000, 7284.44, 7225.51, 7265.21, 15.5655, 7.61952, 6.85433
3, 1440.00000, 7285.35, 7223.42, 7263.32, 15.5867, 7.64446, 6.93144
3, 1500.00000, 7286.3, 7221.52, 7261.01, 15.6158, 7.66501, 7.00901
3, 1560.00000, 7287.24, 7219.89, 7258.32, 15.6527, 7.67991, 7.08491
3, 1620.00000, 7288.15, 7218.62, 7255.32, 15.6974, 7.68806, 7.15694
3, 1680.00000, 7288.98, 7217.79, 7252.09, 15.7494, 7.68862, 7.22292
3, 1740.00000, 7289.69, 7217.45, 7248.72, 15.8085, 7.68097, 7.28077
3, 1800.00000, 7290.23, 7217.64, 7245.31, 15.8738, 7.66485, 7.32855
3, 1860.00000, 7290.57, 7218.41, 7241.98, 15.9446, 7.64026, 7.36454
3, 1920.00000, 7290.94, 7220.08, 7238.54, 16.0118, 7.59796, 7.38778
3, 1980.00000, 7291.01, 7222.29, 7235.41, 16.0826, 7.54909, 7.39678
3, 2040.00000, 7290.75, 7224.97, 7232.75, 16.1565, 7.49555, 7.39067
3, 2100.00000, 7290.1, 7228.04, 7230.67, 16.2326, 7.43937, 7.36907
3, 2160.00000, 7289.06, 7231.41, 7229.28, 16.3097, 7.38264, 7.33205
3, 2220.00000, 7287.61, 7234.97, 7228.67, 16.3864, 7.32747, 7.2801
3, 2280.00000, 7285.76, 7238.63, 7228.88, 16.461, 7.27594, 7.21419
3, 2340.00000, 7283.54, 7242.25, 7229.97, 16.5317, 7.22991, 7.13572
3, 2400.00000, 7281.01, 7245.73, 7231.91, 16.5964, 7.19106, 7.04648
3, 2460.00000, 7278.23, 7248.95, 7234.67, 16.6529, 7.16079, 6.94868
3, 2520.00000, 7274.49, 7251.98, 7239.22, 16.7148, 7.14578, 6.83063
3, 2580.00000, 7270.81, 7254.48, 7244.31, 16.7612, 7.1413, 6.71084
3, 2640.00000, 7267.31, 7256.41, 7249.77, 16.7902, 7.14628, 6.59295
3, 2700.00000, 7264.15, 7257.71, 7255.36, 16.7987, 7.16009, 6.48094
3, 2760.00000, 7261.52, 7258.3, 7260.87, 16.7839, 7.18171, 6.3786
3, 2820.00000, 7259.62, 7258.14, 7266.02, 16.7425, 7.20999, 6.29023
3, 2880.00000, 7258.47, 7257.28, 7270.71, 16.6762, 7.2429, 6.21702
3, 2940.00000, 7258.23, 7255.7, 7274.71, 16.5829, 7.27899, 6.16224
3, 3000.00000, 7258.96, 7253.44, 7277.86, 16.463, 7.31639, 6.1276
3, 3060.00000, 7260.72, 7250.57, 7280.03, 16.3179, 7.35324, 6.11405
3, 3120.00000, 7264.79, 7246.48, 7279.93, 16.1167, 7.38675, 6.14539
3, 3180.00000, 7269.7, 7242.08, 7278.8, 15.8999, 7.41572, 6.19586
3, 3240.00000, 7275.25, 7237.52, 7276.79, 15.674, 7.43938, 6.26158
3, 3300.00000, 7281.21, 7233, 7274.04, 15.4464, 7.4566, 6.33861
3, 3360.00000, 7287.35, 7228.71, 7270.73, 15.2247, 7.4665, 6.42271
3, 3420.00000, 7293.42, 7224.82, 7267.04, 15.0166, 7.46855, 6.50944
3, 3480.00000, 7299.18, 7221.51, 7263.18, 14.829, 7.46253, 6.59445
3, 3540.00000, 7304.39, 7218.91, 7259.34, 14.6683, 7.44861, 6.67366
4, 0.00000, 7308.87, 7217.12, 7255.74, 14.5399, 7.4273, 6.74343
4, 60.00000, 7312.42, 7216.21, 7252.53, 14.4482, 7.39947, 6.8008
4, 120.00000, 7313.58, 7217.5, 7251.28, 14.4266, 7.35529, 6.80694
4, 180.00000, 7313.74, 7219.56, 7250.55, 14.443, 7.30827, 6.80067
4, 240.00000, 7312.95, 7222.26, 7250.34, 14.4965, 7.26116, 6.78435
4, 300.00000, 7311.3, 7225.4, 7250.59, 14.5839, 7.21681, 6.76129
4, 360.00000, 7308.92, 7228.77, 7251.19, 14.7009, 7.17808, 6.73522
4, 420.00000, 7305.97, 7232.17, 7252.06, 14.8426, 7.14771, 6.71006
4, 480.00000, 7302.62, 7235.39, 7253.07, 15.0034, 7.12823, 6.68974
4, 540.00000, 7299.04, 7238.22, 7254.1, 15.1771, 7.1218, 6.67792
4, 600.00000, 7295.37, 7240.53, 7255.03, 15.3592, 7.12951, 6.67775
4, 660.00000, 7291.91, 7242.03, 7255.78, 15.5386, 7.15447, 6.69203
4, 720.00000, 7289.86, 7241.41, 7255.27, 15.6886, 7.21058, 6.75887
4, 780.00000, 7288.13, 7239.96, 7254.46, 15.8297, 7.28241, 6.83984
4, 840.00000, 7286.69, 7237.82, 7253.4, 15.9603, 7.36757, 6.9317
4, 900.00000, 7285.54, 7235.09, 7252.12, 16.0789, 7.4635, 7.0306
4, 960.00000, 7284.61, 7231.92, 7250.68, 16.1844, 7.56718, 7.13216
4, 1020.00000, 7283.86, 7228.47, 7249.17, 16.2768, 7.67529, 7.23171
4, 1080.00000, 7283.22, 7224.93, 7247.67, 16.3563, 7.78431, 7.32448
4, 1140.00000, 7282.6, 7221.49, 7246.26, 16.4241, 7.89072, 7.40588
4, 1200.00000, 7281.93, 7218.31, 7245.04, 16.4813, 7.99111, 7.47176
4, 1260.00000, 7281.14, 7215.56, 7244.1, 16.5299, 8.08239, 7.51862
4, 1320.00000, 7279.5, 7214.56, 7244.16, 16.5723, 8.14223, 7.50784
4, 1380.00000, 7277.66, 7214.17, 7244.55, 16.6104, 8.18943, 7.47682
4, 1440.00000, 7275.65, 7214.34, 7245.26, 16.6457, 8.22451, 7.42817
4, 1500.00000, 7273.51, 7215.04, 7246.25, 16.6803, 8.24818, 7.3651
4, 1560.00000, 7271.27, 7216.18, 7247.47, 16.7159, 8.26149, 7.29134
4, 1620.00000, 7268.99, 7217.67, 7248.86, 16.754, 8.2659, 7.21101
4, 1680.00000, 7266.72, 7219.42, 7250.36, 16.7957, 8.26308, 7.12833
4, 1740.00000, 7264.52, 7221.3, 7251.92, 16.8418, 8.2548, 7.04751
4, 1800.00000, 7262.47, 7223.21, 7253.47, 16.8925, 8.24287, 6.97249
4, 1860.00000, 7260.61, 7225.02, 7254.96, 16.9476, 8.22904, 6.90679
4, 1920.00000, 7259.27, 7226.06, 7256.14, 17.0225, 8.22916, 6.8785
4, 1980.00000, 7258.22, 7226.84, 7257.17, 17.0987, 8.22919, 6.86264
4, 2040.00000, 7257.47, 7227.36, 7258.01, 17.1735, 8.22881, 6.85883
4, 2100.00000, 7257.05, 7227.6, 7258.64, 17.2437, 8.22767, 6.86617
4, 2160.00000, 7256.94, 7227.56, 7259.04, 17.3064, 8.22528, 6.88323
4, 2220.00000, 7257.16, 7227.26, 7259.2, 17.3586, 8.22104, 6.90817
4, 2280.00000, 7257.69, 7226.73, 7259.12, 17.3978, 8.21428, 6.93884
4, 2340.00000, 7258.51, 7226.02, 7258.8, 17.4217, 8.2044, 6.97288
4, 2400.00000, 7259.58, 7225.16, 7258.26, 17.4289, 8.19083, 7.00786
4, 2460.00000, 7260.87, 7224.22, 7257.51, 17.4187, 8.17315, 7.0414
4, 2520.00000, 7262.51, 7223.41, 7256.66, 17.3507, 8.13687, 7.05062
4, 2580.00000, 7264.26, 7222.61, 7255.66, 17.2699, 8.09753, 7.05616
4, 2640.00000, 7266.05, 7221.89, 7254.54, 17.1818, 8.05653, 7.05828
4, 2700.00000, 7267.79, 7221.27, 7253.34, 17.0918, 8.01525, 7.05753
4, 2760.00000, 7269.43, 7220.81, 7252.09, 17.0058, 7.97508, 7.05462
4, 2820.00000, 7270.89, 7220.54, 7250.83, 16.9293, 7.93731, 7.05044
4, 2880.00000, 7272.13, 7220.49, 7249.59, 16.8674, 7.90313, 7.04589
4, 2940.00000, 7273.08, 7220.67, 7248.41, 16.8243, 7.87351, 7.04193
4, 3000.00000, 7273.73, 7221.1, 7247.31, 16.8037, 7.84926, 7.03941
4, 3060.00000, 7274.03, 7221.78, 7246.33, 16.808, 7.83093, 7.03906
4, 3120.00000, 7273.68, 7223.05, 7245.65, 16.8828, 7.82827, 7.05279
4, 3180.00000, 7273, 7224.51, 7245.11, 16.9803, 7.83103, 7.0686
4, 3240.00000, 7272.03, 7226.1, 7244.72, 17.0952, 7.83838, 7.08569
4, 3300.00000, 7270.83, 7227.76, 7244.46, 17.2216, 7.84915, 7.1031
4, 3360.00000, 7269.45, 7229.42, 7244.33, 17.3528, 7.86199, 7.11974
4, 3420.00000, 7267.95, 7231.01, 7244.32, 17.4816, 7.8754, 7.13447
4, 3480.00000, 7266.41, 7232.47, 7244.42, 17.6008, 7.88788, 7.14614
4, 3540.00000, 7264.89, 7233.75, 7244.61, 17.7038, 7.8979, 7.15365
5, 0.00000, 7263.46, 7234.8, 7244.87, 17.7843, 7.90411, 7.15603
5, 60.00000, 7262.16, 7235.59, 7245.19, 17.8373, 7.90532, 7.1525
5, 120.00000, 7261.56, 7235.56, 7245.41, 17.8061, 7.89019, 7.13476
5, 180.00000, 7261.14, 7235.28, 7245.67, 17.7462, 7.86986, 7.11104
5, 240.00000, 7260.88, 7234.81, 7245.97, 17.6618, 7.84497, 7.08205
5, 300.00000, 7260.74, 7234.21, 7246.31, 17.5583, 7.81653, 7.04875
5, 360.00000, 7260.68, 7233.55, 7246.7, 17.4417, 7.78577, 7.01229
5, 420.00000, 7260.68, 7232.9, 7247.12, 17.3184, 7.75403, 6.97398
5, 480.00000, 7260.69, 7232.33, 7247.57, 17.1951, 7.72269, 6.93523
5, 540.00000, 7260.67, 7231.89, 7248.05, 17.0782, 7.69313, 6.89753
5, 600.00000, 7260.58, 7231.64, 7248.55, 16.9737, 7.66667, 6.86238
5, 660.00000, 7260.41, 7231.61, 7249.05, 16.8867, 7.64452, 6.83122
5, 720.00000, 7259.64, 7232.69, 7249.91, 16.8604, 7.63011, 6.80189
5, 780.00000, 7258.79, 7233.95, 7250.7, 16.856, 7.62166, 6.77943
5, 840.00000, 7257.91, 7235.31, 7251.39, 16.8723, 7.62012, 6.76529
5, 900.00000, 7257.04, 7236.65, 7251.91, 16.9074, 7.62603, 6.76071
5, 960.00000, 7256.24, 7237.88, 7252.23, 16.9588, 7.63966, 6.76662
5, 1020.00000, 7255.55, 7238.9, 7252.29, 17.0236, 7.66106, 6.78367
5, 1080.00000, 7255.01, 7239.63, 7252.07, 17.0982, 7.68997, 6.81213
5, 1140.00000, 7254.68, 7239.97, 7251.54, 17.1789, 7.72587, 6.8519
5, 1200.00000, 7254.57, 7239.86, 7250.67, 17.2619, 7.76793, 6.90247
5, 1260.00000, 7254.71, 7239.27, 7249.46, 17.3435, 7.81507, 6.96293
5, 1320.00000, 7255.83, 7237.3, 7247.54, 17.3822, 7.86505, 7.04259
5, 1380.00000, 7257.17, 7234.88, 7245.33, 17.416, 7.91765, 7.12836
5, 1440.00000, 7258.63, 7232.14, 7242.91, 17.4462, 7.97119, 7.2173
5, 1500.00000, 7260.13, 7229.2, 7240.36, 17.4741, 8.02416, 7.30638
5, 1560.00000, 7261.59, 7226.2, 7237.75, 17.5013, 8.07506, 7.39256
5, 1620.00000, 7262.92, 7223.26, 7235.17, 17.5297, 8.12246, 7.47288
5, 1680.00000, 7264.06, 7220.52, 7232.7, 17.5608, 8.165, 7.54465
5, 1740.00000, 7264.93, 7218.12, 7230.42, 17.5964, 8.20148, 7.60554
5, 1800.00000, 7265.49, 7216.17, 7228.4, 17.6377, 8.23089, 7.65372
5, 1860.00000, 7265.7, 7214.75, 7226.69, 17.6858, 8.25243, 7.68793
5, 1920.00000, 7264.86, 7214.86, 7225.88, 17.7664, 8.26033, 7.68708
5, 1980.00000, 7263.72, 7215.55, 7225.41, 17.8526, 8.25971, 7.67339
5, 2040.00000, 7262.38, 7216.76, 7225.22, 17.9408, 8.25129, 7.64946
5, 2100.00000, 7260.95, 7218.37, 7225.25, 18.0281, 8.23582, 7.61824
5, 2160.00000, 7259.54, 7220.29, 7225.45, 18.111, 8.2142, 7.58298
5, 2220.00000, 7258.27, 7222.39, 7225.74, 18.1861, 8.18757, 7.5471
5, 2280.00000, 7257.26, 7224.54, 7226.04, 18.25, 8.15718, 7.514
5, 2340.00000, 7256.61, 7226.61, 7226.29, 18.2998, 8.12434, 7.48692
5, 2400.00000, 7256.42, 7228.46, 7226.41, 18.3329, 8.09047, 7.46877
5, 2460.00000, 7256.77, 7229.98, 7226.36, 18.3472, 8.05696, 7.46208
5, 2520.00000, 7258.28, 7230.5, 7225.8, 18.3173, 8.02998, 7.48566
5, 2580.00000, 7260.37, 7230.53, 7225, 18.2687, 8.0058, 7.52253
5, 2640.00000, 7262.98, 7230.07, 7223.97, 18.2044, 7.98503, 7.57185
5, 2700.00000, 7266.03, 7229.12, 7222.71, 18.1274, 7.96839, 7.63226
5, 2760.00000, 7269.5, 7227.66, 7221.24, 18.0394, 7.95698, 7.70224
5, 2820.00000, 7273.15, 7225.81, 7219.63, 17.9484, 7.95055, 7.7787
5, 2880.00000, 7276.91, 7223.58, 7217.92, 17.8566, 7.94995, 7.85929
5, 2940.00000, 7280.65, 7221.04, 7216.18, 17.7686, 7.95564, 7.94103
5, 3000.00000, 7284.22, 7218.26, 7214.46, 17.6883, 7.96801, 8.02089
5, 3060.00000, 7287.42, 7215.38, 7212.88, 17.6216, 7.98663, 8.09538
5, 3120.00000, 7290.31, 7212.7, 7211.45, 17.5761, 8.00026, 8.15123
5, 3180.00000, 7292.64, 7209.99, 7210.28, 17.5478, 8.02251, 8.19768
5, 3240.00000, 7294.29, 7207.27, 7209.45, 17.5385, 8.05468, 8.2335
5, 3300.00000, 7295.15, 7204.6, 7209, 17.549, 8.09781, 8.25777
5, 3360.00000, 7295.16, 7202.01, 7209, 17.5797, 8.15262, 8.26999
5, 3420.00000, 7294.28, 7199.54, 7209.49, 17.6302, 8.21954, 8.27007
5, 3480.00000, 7292.47, 7197.22, 7210.47, 17.6994, 8.29864, 8.25835
5, 3540.00000, 7289.76, 7195.07, 7211.97, 17.7856, 8.38955, 8.23549
6, 0.00000, 7286.11, 7193.12, 7214, 17.8886, 8.49185, 8.20193
6, 60.00000, 7281.74, 7191.38, 7216.44, 18.0019, 8.60343, 8.16017
6, 120.00000, 7276.16, 7189.78, 7219.87, 18.1158, 8.7419, 8.1088
6, 180.00000, 7270.08, 7188.42, 7223.58, 18.2356, 8.8849, 8.05228
6, 240.00000, 7263.72, 7187.3, 7227.45, 18.3579, 9.0281, 7.99273
6, 300.00000, 7257.28, 7186.43, 7231.34, 18.4793, 9.16684, 7.93233
6, 360.00000, 7251, 7185.83, 7235.1, 18.5963, 9.29634, 7.87315
6, 420.00000, 7245.09, 7185.48, 7238.61, 18.7052, 9.41188, 7.81716
6, 480.00000, 7239.77, 7185.4, 7241.74, 18.8025, 9.50905, 7.76614
6, 540.00000, 7235.23, 7185.58, 7244.38, 18.8847, 9.58399, 7.72159
6, 600.00000, 7231.65, 7186, 7246.44, 18.9486, 9.6336, 7.68472
6, 660.00000, 7229.19, 7186.61, 7247.84, 18.9899, 9.65594, 7.6567
6, 720.00000, 7228.69, 7187.66, 7247.85, 19.0142, 9.61971, 7.64404
6, 780.00000, 7229.36, 7188.86, 7247.23, 19.0122, 9.55764, 7.64015
6, 840.00000, 7231.15, 7190.15, 7246.06, 18.9826, 9.47375, 7.64401
6, 900.00000, 7233.95, 7191.46, 7244.46, 18.9243, 9.37271, 7.65447
6, 960.00000, 7237.71, 7192.75, 7242.52, 18.8352, 9.25933, 7.67066
6, 1020.00000, 7242.14, 7193.94, 7240.42, 18.7196, 9.13995, 7.69004
6, 1080.00000, 7247.12, 7195.01, 7238.28, 18.5774, 9.01958, 7.71137
6, 1140.00000, 7252.45, 7195.93, 7236.24, 18.4109, 8.90343, 7.73292
6, 1200.00000, 7257.93, 7196.67, 7234.41, 18.2232, 8.79627, 7.75302
6, 1260.00000, 7263.37, 7197.22, 7232.9, 18.0181, 8.70219, 7.77013
6, 1320.00000, 7268.04, 7197.41, 7232.7, 17.7788, 8.649, 7.77072
6, 1380.00000, 7272.34, 7197.44, 7232.92, 17.5338, 8.61262, 7.76688
6, 1440.00000, 7276.16, 7197.33, 7233.53, 17.2904, 8.5929, 7.75887
6, 1500.00000, 7279.44, 7197.11, 7234.48, 17.0561, 8.58899, 7.74712
6, 1560.00000, 7282.05, 7196.85, 7235.69, 16.8393, 8.59916, 7.73252
6, 1620.00000, 7284.06, 7196.53, 7237.12, 16.6439, 8.62191, 7.71527
6, 1680.00000, 7285.38, 7196.23, 7238.68, 16.4776, 8.65452, 7.69637
6, 1740.00000, 7286.02, 7195.98, 7240.28, 16.3456, 8.69418, 7.67667
6, 1800.00000, 7286, 7195.84, 7241.83, 16.2522, 8.73786, 7.65694
6, 1860.00000, 7285.35, 7195.82, 7243.25, 16.2003, 8.78252, 7.63791
6, 1920.00000, 7284.36, 7196.32, 7243.85, 16.2156, 8.80445, 7.62868
6, 1980.00000, 7282.84, 7196.98, 7244.23, 16.2723, 8.82335, 7.62067
6, 2040.00000, 7280.83, 7197.79, 7244.42, 16.3678, 8.83882, 7.61331
6, 2100.00000, 7278.39, 7198.72, 7244.43, 16.498, 8.8507, 7.60611
6, 2160.00000, 7275.59, 7199.75, 7244.29, 16.6582, 8.85908, 7.59855
6, 2220.00000, 7272.48, 7200.86, 7244.04, 16.8424, 8.86436, 7.59009
6, 2280.00000, 7269.1, 7202.05, 7243.71, 17.0464, 8.86666, 7.5803
6, 2340.00000, 7265.62, 7203.22, 7243.36, 17.2601, 8.86763, 7.56856
6, 2400.00000, 7262.06, 7204.36, 7243.02, 17.4783, 8.8677, 7.55464
6, 2460.00000, 7258.51, 7205.45, 7242.72, 17.6947, 8.86772, 7.53835
6, 2520.00000, 7255.19, 7206.19, 7243.09, 17.8735, 8.87744, 7.51004
6, 2580.00000, 7252, 7206.86, 7243.49, 18.0413, 8.8879, 7.48046
6, 2640.00000, 7249.04, 7207.43, 7243.91, 18.1942, 8.89928, 7.45095
6, 2700.00000, 7246.26, 7207.98, 7244.29, 18.3343, 8.9108, 7.42266
6, 2760.00000, 7243.74, 7208.5, 7244.6, 18.459, 8.92255, 7.39705
6, 2820.00000, 7241.5, 7209, 7244.8, 18.5679, 8.93429, 7.37555
6, 2880.00000, 7239.57, 7209.47, 7244.85, 18.6612, 8.94573, 7.35945
6, 2940.00000, 7237.97, 7209.94, 7244.71, 18.7397, 8.95662, 7.34997
6, 3000.00000, 7236.7, 7210.41, 7244.36, 18.8042, 8.96671, 7.34816
6, 3060.00000, 7235.76, 7210.86, 7243.78, 18.856, 8.97583, 7.35486
6, 3120.00000, 7235.02, 7211.71, 7242.63, 18.9095, 8.97711, 7.37383
6, 3180.00000, 7234.62, 7212.5, 7241.27, 18.9517, 8.97775, 7.40198
6, 3240.00000, 7234.56, 7213.17, 7239.75, 18.9825, 8.97846, 7.43895
6, 3300.00000, 7234.83, 7213.67, 7238.13, 19.0021, 8.9799, 7.48418
6, 3360.00000, 7235.42, 7213.95, 7236.46, 19.0104, 8.98275, 7.53688
6, 3420.00000, 7236.32, 7213.94, 7234.82, 19.0076, 8.98759, 7.596
6, 3480.00000, 7237.52, 7213.6, 7233.25, 18.9936, 8.99499, 7.66028
6, 3540.00000, 7238.98, 7212.9, 7231.83, 18.9685, 9.00542, 7.72828
7, 0.00000, 7240.69, 7211.8, 7230.61, 18.9324, 9.01924, 7.79845
7, 60.00000, 7242.62, 7210.28, 7229.65, 18.8855, 9.03668, 7.86912
7, 120.00000, 7244.88, 7208.1, 7229.28, 18.8224, 9.06069, 7.93859
7, 180.00000, 7247.27, 7205.52, 7229.22, 18.7498, 9.08821, 8.00518
7, 240.00000, 7249.72, 7202.6, 7229.48, 18.6688, 9.11872, 8.06732
7, 300.00000, 7252.19, 7199.38, 7230.04, 18.5808, 9.15171, 8.12351
7, 360.00000, 7254.62, 7195.95, 7230.88, 18.487, 9.18651, 8.17238
7, 420.00000, 7256.95, 7192.37, 7231.96, 18.3889, 9.22246, 8.21283
7, 480.00000, 7259.14, 7188.72, 7233.25, 18.2882, 9.25881, 8.24395
7, 540.00000, 7261.13, 7185.08, 7234.71, 18.1864, 9.29482, 8.26521
7, 600.00000, 7262.89, 7181.55, 7236.27, 18.0853, 9.32981, 8.27635
7, 660.00000, 7264.39, 7178.19, 7237.89, 17.9867, 9.3631, 8.27751
7, 720.00000, 7265.67, 7175.32, 7239.56, 17.8759, 9.38631, 8.25965
7, 780.00000, 7266.64, 7172.76, 7241.17, 17.7724, 9.40734, 8.23388
7, 840.00000, 7267.29, 7170.55, 7242.65, 17.6791, 9.42651, 8.2022
7, 900.00000, 7267.6, 7168.72, 7243.95, 17.5987, 9.44411, 8.16672
7, 960.00000, 7267.58, 7167.3, 7245.01, 17.5334, 9.46043, 8.12967
7, 1020.00000, 7267.25, 7166.29, 7245.8, 17.485, 9.47573, 8.0932
7, 1080.00000, 7266.64, 7165.69, 7246.29, 17.4546, 9.49027, 8.05941
7, 1140.00000, 7265.77, 7165.51, 7246.45, 17.4429, 9.50416, 8.03014
7, 1200.00000, 7264.68, 7165.71, 7246.28, 17.4494, 9.51751, 8.00694
7, 1260.00000, 7263.43, 7166.28, 7245.78, 17.4732, 9.53023, 7.99102
7, 1320.00000, 7261.84, 7167.28, 7244.83, 17.5397, 9.54894, 7.99191
7, 1380.00000, 7260.21, 7168.57, 7243.6, 17.6175, 9.56604, 8.00051
7, 1440.00000, 7258.61, 7170.1, 7242.16, 17.7011, 9.58057, 8.01595
7, 1500.00000, 7257.12, 7171.8, 7240.55, 17.7852, 9.59153, 8.03703
7, 1560.00000, 7255.82, 7173.62, 7238.85, 17.8643, 9.59786, 8.06228
7, 1620.00000, 7254.75, 7175.51, 7237.12, 17.9329, 9.59859, 8.08996
7, 1680.00000, 7253.99, 7177.43, 7235.42, 17.9864, 9.59279, 8.11819
7, 1740.00000, 7253.55, 7179.31, 7233.83, 18.0207, 9.57972, 8.14501
7, 1800.00000, 7253.48, 7181.13, 7232.39, 18.0328, 9.55884, 8.16846
7, 1860.00000, 7253.77, 7182.84, 7231.16, 18.0206, 9.52991, 8.18668
7, 1920.00000, 7254.99, 7184.28, 7230.48, 17.9362, 9.48149, 8.1907
7, 1980.00000, 7256.5, 7185.58, 7230.05, 17.8316, 9.42643, 8.18697
7, 2040.00000, 7258.19, 7186.76, 7229.88, 17.7133, 9.36635, 8.17511
7, 2100.00000, 7259.94, 7187.83, 7229.94, 17.5881, 9.30312, 8.15493
7, 2160.00000, 7261.65, 7188.79, 7230.2, 17.4631, 9.2387, 8.12657
7, 2220.00000, 7263.22, 7189.68, 7230.62, 17.3458, 9.17517, 8.09046
7, 2280.00000, 7264.54, 7190.52, 7231.15, 17.2432, 9.11451, 8.04736
7, 2340.00000, 7265.52, 7191.33, 7231.76, 17.1616, 9.05861, 7.99825
7, 2400.00000, 7266.1, 7192.12, 7232.4, 17.1066, 9.00914, 7.9444
7, 2460.00000, 7266.2, 7192.93, 7233, 17.0827, 8.9675, 7.88722
7, 2520.00000, 7265.21, 7194.05, 7233.48, 17.1321, 8.94192, 7.82487
7, 2580.00000, 7263.75, 7195.19, 7233.83, 17.2142, 8.92517, 7.76273
7, 2640.00000, 7261.89, 7196.32, 7234.04, 17.3252, 8.91711, 7.70279
7, 2700.00000, 7259.71, 7197.4, 7234.07, 17.4606, 8.91719, 7.64697
7, 2760.00000, 7257.29, 7198.42, 7233.9, 17.6147, 8.9246, 7.59706
7, 2820.00000, 7254.76, 7199.32, 7233.51, 17.7807, 8.93825, 7.55464
7, 2880.00000, 7252.21, 7200.09, 7232.92, 17.9514, 8.95694, 7.52106
7, 2940.00000, 7249.78, 7200.69, 7232.13, 18.1189, 8.97928, 7.49731
7, 3000.00000, 7247.56, 7201.09, 7231.15, 18.2756, 9.00386, 7.48409
7, 3060.00000, 7245.68, 7201.26, 7230.01, 18.414, 9.02924, 7.48167
7, 3120.00000, 7244.69, 7201.12, 7228.64, 18.5044, 9.04704, 7.49689
7, 3180.00000, 7244.17, 7200.73, 7227.18, 18.5659, 9.06365, 7.5218
7, 3240.00000, 7244.11, 7200.09, 7225.68, 18.5964, 9.07843, 7.55495
7, 3300.00000, 7244.52, 7199.22, 7224.18, 18.5946, 9.09095, 7.59464
7, 3360.00000, 7245.37, 7198.13, 7222.73, 18.5608, 9.10084, 7.63895
7, 3420.00000, 7246.62, 7196.85, 7221.4, 18.4964, 9.1079, 7.68581
7, 3480.00000, 7248.21, 7195.41, 7220.21, 18.404, 9.11199, 7.73308
7, 3540.00000, 7250.06, 7193.86, 7219.22, 18.2875, 9.1131, 7.77867
8, 0.00000, 7252.09, 7192.24, 7218.45, 18.1518, 9.11132, 7.82056
8, 60.00000, 7254.21, 7190.6, 7217.95, 18.0026, 9.10679, 7.85694
8, 120.00000, 7256.41, 7188.99, 7218.07, 17.8252, 9.09876, 7.87495
8, 180.00000, 7258.5, 7187.47, 7218.45, 17.6489, 9.08853, 7.88556
8, 240.00000, 7260.39, 7186.08, 7219.03, 17.4824, 9.07647, 7.88898
8, 300.00000, 7261.98, 7184.88, 7219.78, 17.3336, 9.06299, 7.88562
8, 360.00000, 7263.21, 7183.91, 7220.65, 17.2102, 9.04844, 7.87612
8, 420.00000, 7264, 7183.22, 7221.56, 17.1187, 9.03315, 7.86135
8, 480.00000, 7264.3, 7182.84, 7222.49, 17.0645, 9.01742, 7.84231
8, 540.00000, 7264.08, 7182.79, 7223.36, 17.0515, 9.00148, 7.82009
8, 600.00000, 7263.33, 7183.1, 7224.13, 17.0822, 8.98545, 7.79584
8, 660.00000, 7262.05, 7183.77, 7224.76, 17.1575, 8.96943, 7.77068
8, 720.00000, 7259.84, 7184.98, 7224.97, 17.3226, 8.95728, 7.75131
8, 780.00000, 7257.19, 7186.53, 7225, 17.5252, 8.94465, 7.73254
8, 840.00000, 7254.15, 7188.42, 7224.86, 17.7587, 8.93051, 7.71462
8, 900.00000, 7250.94, 7190.5, 7224.61, 18.0097, 8.91567, 7.69761
8, 960.00000, 7247.62, 7192.76, 7224.25, 18.2692, 8.89913, 7.68154
8, 1020.00000, 7244.32, 7195.13, 7223.83, 18.5259, 8.88053, 7.66635
8, 1080.00000, 7241.17, 7197.55, 7223.39, 18.7684, 8.85963, 7.65183
8, 1140.00000, 7238.29, 7199.94, 7222.96, 18.9857, 8.83631, 7.63774
8, 1200.00000, 7235.85, 7202.2, 7222.61, 19.1662, 8.81131, 7.62365
8, 1260.00000, 7233.82, 7204.36, 7222.33, 19.3051, 8.78337, 7.60949
8, 1320.00000, 7233.18, 7206.35, 7222.39, 19.3253, 8.7388, 7.5908
8, 1380.00000, 7233.08, 7208.08, 7222.6, 19.2963, 8.69428, 7.57164
8, 1440.00000, 7233.46, 7209.5, 7222.95, 19.2228, 8.65176, 7.55216
8, 1500.00000, 7234.24, 7210.59, 7223.46, 19.1103, 8.61317, 7.53251
8, 1560.00000, 7235.34, 7211.32, 7224.1, 18.9661, 8.58035, 7.51286
8, 1620.00000, 7236.68, 7211.69, 7224.88, 18.7982, 8.55497, 7.49341
8, 1680.00000, 7238.14, 7211.71, 7225.77, 18.6153, 8.53842, 7.47442
8, 1740.00000, 7239.64, 7211.38, 7226.76, 18.4261, 8.53169, 7.45614
8, 1800.00000, 7241.1, 7210.74, 7227.82, 18.2389, 8.53538, 7.43884
8, 1860.00000, 7242.43, 7209.82, 7228.93, 18.0612, 8.5496, 7.42284
8, 1920.00000, 7242.76, 7208.46, 7230.15, 17.9579, 8.59525, 7.40613
8, 1980.00000, 7242.93, 7206.94, 7231.35, 17.8709, 8.64837, 7.39146
8, 2040.00000, 7243, 7205.33, 7232.48, 17.7986, 8.70575, 7.37935
8, 2100.00000, 7243.04, 7203.71, 7233.5, 17.7391, 8.76389, 7.37022
8, 2160.00000, 7243.1, 7202.15, 7234.39, 17.6894, 8.81922, 7.36445
8, 2220.00000, 7243.27, 7200.74, 7235.11, 17.6462, 8.86819, 7.36232
8, 2280.00000, 7243.6, 7199.53, 7235.64, 17.6057, 8.90754, 7.36403
8, 2340.00000, 7244.16, 7198.58, 7235.96, 17.5641, 8.93439, 7.36965
8, 2400.00000, 7245, 7197.94, 7236.06, 17.5178, 8.94647, 7.37917
8, 2460.00000, 7246.17, 7197.63, 7235.95, 17.4637, 8.94223, 7.39241
8, 2520.00000, 7248.62, 7198.3, 7235.45, 17.3415, 8.88693, 7.40961
8, 2580.00000, 7251.36, 7199.25, 7234.78, 17.2122, 8.81756, 7.4299
8, 2640.00000, 7254.26, 7200.39, 7233.98, 17.0805, 8.73815, 7.45263
8, 2700.00000, 7257.21, 7201.62, 7233.12, 16.9511, 8.65311, 7.47712
8, 2760.00000, 7260.1, 7202.86, 7232.23, 16.8288, 8.56711, 7.50259
8, 2820.00000, 7262.81, 7204, 7231.38, 16.7183, 8.48486, 7.52821
8, 2880.00000, 7265.23, 7204.96, 7230.61, 16.6239, 8.41085, 7.55311
8, 2940.00000, 7267.27, 7205.65, 7229.98, 16.5495, 8.34919, 7.57638
8, 3000.00000, 7268.84, 7206.01, 7229.52, 16.4981, 8.30335, 7.59715
8, 3060.00000, 7269.88, 7205.99, 7229.28, 16.4718, 8.276, 7.61457
8, 3120.00000, 7269.44, 7204.87, 7229.66, 16.5221, 8.30381, 7.62653
8, 3180.00000, 7268.46, 7203.39, 7230.26, 16.5947, 8.3498, 7.63374
8, 3240.00000, 7267.04, 7201.61, 7231.04, 16.6835, 8.41068, 7.63592
8, 3300.00000, 7265.3, 7199.62, 7231.97, 16.7822, 8.4826, 7.63282
8, 3360.00000, 7263.33, 7197.51, 7232.99, 16.8843, 8.5611, 7.62433
8, 3420.00000, 7261.27, 7195.39, 7234.06, 16.9826, 8.64141, 7.6105
8, 3480.00000, 7259.23, 7193.37, 7235.12, 17.0706, 8.7186, 7.59156
8, 3540.00000, 7257.34, 7191.55, 7236.13, 17.1419, 8.78791, 7.56788
9, 0.00000, 7255.71, 7190.04, 7237.03, 17.1913, 8.84492, 7.54
9, 60.00000, 7254.42, 7188.91, 7237.78, 17.2146, 8.88584, 7.50857
9, 120.00000, 7254.55, 7188.95, 7238.12, 17.1462, 8.87327, 7.46871
9, 180.00000, 7255.08, 7189.43, 7238.26, 17.0528, 8.84255, 7.42756
9, 240.00000, 7255.91, 7190.34, 7238.24, 16.9411, 8.79577, 7.38641
9, 300.00000, 7256.95, 7191.61, 7238.05, 16.8178, 8.73568, 7.34662
9, 360.00000, 7258.11, 7193.18, 7237.74, 16.6905, 8.6656, 7.30946
9, 420.00000, 7259.29, 7194.98, 7237.33, 16.5667, 8.58933, 7.27607
9, 480.00000, 7260.37, 7196.91, 7236.86, 16.4538, 8.51087, 7.24742
9, 540.00000, 7261.26, 7198.9, 7236.36, 16.3588, 8.43432, 7.22426
9, 600.00000, 7261.88, 7200.85, 7235.88, 16.2874, 8.3636, 7.20711
9, 660.00000, 7262.14, 7202.67, 7235.44, 16.2444, 8.30231, 7.19625
9, 720.00000, 7261.21, 7204, 7235.25, 16.2887, 8.27246, 7.19999
9, 780.00000, 7259.89, 7205.08, 7235.15, 16.3617, 8.25603, 7.20906
9, 840.00000, 7258.25, 7205.9, 7235.16, 16.4585, 8.25334, 7.22236
9, 900.00000, 7256.37, 7206.44, 7235.29, 16.5733, 8.26412, 7.23854
9, 960.00000, 7254.33, 7206.68, 7235.52, 16.6995, 8.28758, 7.25619
9, 1020.00000, 7252.24, 7206.63, 7235.86, 16.83, 8.32237, 7.2738
9, 1080.00000, 7250.19, 7206.32, 7236.29, 16.9572, 8.36669, 7.28997
9, 1140.00000, 7248.29, 7205.75, 7236.78, 17.0736, 8.41834, 7.30338
9, 1200.00000, 7246.64, 7204.96, 7237.33, 17.1725, 8.47483, 7.31291
9, 1260.00000, 7245.33, 7204, 7237.88, 17.2475, 8.53344, 7.31771
9, 1320.00000, 7244.99, 7203.12, 7238.62, 17.2443, 8.58457, 7.30153
9, 1380.00000, 7245.08, 7202.15, 7239.29, 17.2128, 8.63294, 7.28127
9, 1440.00000, 7245.6, 7201.12, 7239.83, 17.1558, 8.67648, 7.25845
9, 1500.00000, 7246.51, 7200.09, 7240.2, 17.0766, 8.71335, 7.23478
9, 1560.00000, 7247.77, 7199.1, 7240.34, 16.9801, 8.7419, 7.21203
9, 1620.00000, 7249.32, 7198.19, 7240.22, 16.8716, 8.76085, 7.19194
9, 1680.00000, 7251.09, 7197.41, 7239.81, 16.7573, 8.76927, 7.17616
9, 1740.00000, 7252.99, 7196.79, 7239.09, 16.6436, 8.76659, 7.16611
9, 1800.00000, 7254.95, 7196.37, 7238.05, 16.537, 8.75276, 7.16293
9, 1860.00000, 7256.86, 7196.2, 7236.69, 16.4436, 8.72807, 7.1674
9, 1920.00000, 7258.72, 7196.16, 7234.83, 16.3843, 8.68583, 7.19425
9, 1980.00000, 7260.37, 7196.41, 7232.72, 16.347, 8.63535, 7.22793
9, 2040.00000, 7261.7, 7196.98, 7230.44, 16.3344, 8.5787, 7.26676
9, 2100.00000, 7262.64, 7197.87, 7228.05, 16.3483, 8.51824, 7.30878
9, 2160.00000, 7263.11, 7199.1, 7225.64, 16.3891, 8.45638, 7.35182
9, 2220.00000, 7263.08, 7200.65, 7223.3, 16.4564, 8.39554, 7.39355
9, 2280.00000, 7262.51, 7202.52, 7221.11, 16.5488, 8.3381, 7.4316
9, 2340.00000, 7261.38, 7204.67, 7219.17, 16.6638, 8.28622, 7.46368
9, 2400.00000, 7259.71, 7207.05, 7217.56, 16.7979, 8.24186, 7.48765
9, 2460.00000, 7257.53, 7209.64, 7216.35, 16.9469, 8.20662, 7.50168
9, 2520.00000, 7254.38, 7212.8, 7215.83, 17.1168, 8.18962, 7.4898
9, 2580.00000, 7250.82, 7216.06, 7215.78, 17.2926, 8.18222, 7.46691
9, 2640.00000, 7247.12, 7219.17, 7216.27, 17.4634, 8.18611, 7.43347
9, 2700.00000, 7243.38, 7222.08, 7217.27, 17.6239, 8.19981, 7.39086
9, 2760.00000, 7239.75, 7224.67, 7218.77, 17.7672, 8.22231, 7.34057
9, 2820.00000, 7236.41, 7226.85, 7220.72, 17.8865, 8.25225, 7.28434
9, 2880.00000, 7233.56, 7228.49, 7223.06, 17.9745, 8.28841, 7.22453
9, 2940.00000, 7231.2, 7229.6, 7225.77, 18.03, 8.3278, 7.16237
9, 3000.00000, 7229.51, 7230.09, 7228.76, 18.0477, 8.36895, 7.10021
9, 3060.00000, 7228.59, 7229.94, 7231.97, 18.0251, 8.40972, 7.03998
9, 3120.00000, 7229.36, 7228.67, 7235.47, 17.9239, 8.43895, 6.98862
9, 3180.00000, 7230.91, 7226.81, 7239, 17.7858, 8.4647, 6.942
9, 3240.00000, 7233.11, 7224.46, 7242.47, 17.6174, 8.48577, 6.90111
9, 3300.00000, 7235.86, 7221.73, 7245.78, 17.4258, 8.50131, 6.86661
9, 3360.00000, 7239.02, 7218.77, 7248.83, 17.2188, 8.51067, 6.83891
9, 3420.00000, 7242.45, 7215.7, 7251.54, 17.0048, 8.51334, 6.81811
9, 3480.00000, 7245.99, 7212.67, 7253.83, 16.7922, 8.50903, 6.80409
9, 3540.00000, 7249.49, 7209.83, 7255.65, 16.5891, 8.49759, 6.79641
10, 0.00000, 7252.82, 7207.31, 7256.95, 16.403, 8.47903, 6.79444
10, 60.00000, 7255.83, 7205.23, 7257.69, 16.2403, 8.4535, 6.79733
10, 120.00000, 7257.7, 7204.12, 7257.64, 16.1379, 8.42501, 6.80331
10, 180.00000, 7259.13, 7203.62, 7257.05, 16.0657, 8.3897, 6.81216
10, 240.00000, 7260.12, 7203.76, 7255.98, 16.0231, 8.34788, 6.82264
10, 300.00000, 7260.7, 7204.55, 7254.5, 16.0089, 8.29992, 6.83354
10, 360.00000, 7260.89, 7205.96, 7252.68, 16.0205, 8.2463, 6.84369
10, 420.00000, 7260.77, 7207.96, 7250.63, 16.0547, 8.18764, 6.85197
10, 480.00000, 7260.39, 7210.49, 7248.42, 16.1072, 8.12473, 6.85737
10, 540.00000, 7259.83, 7213.48, 7246.16, 16.1733, 8.05849, 6.85903
10, 600.00000, 7259.16, 7216.83, 7243.94, 16.2478, 7.98994, 6.85628
10, 660.00000, 7258.48, 7220.43, 7241.85, 16.3254, 7.92025, 6.84868
10, 720.00000, 7258.45, 7224.26, 7240.29, 16.3775, 7.84351, 6.83069
10, 780.00000, 7258.5, 7228.1, 7238.98, 16.4243, 7.76882, 6.80809
10, 840.00000, 7258.64, 7231.83, 7237.96, 16.4635, 7.69815, 6.7817
10, 900.00000, 7258.87, 7235.31, 7237.24, 16.493, 7.63336, 6.75247
10, 960.00000, 7259.18, 7238.42, 7236.83, 16.5109, 7.57621, 6.72155
10, 1020.00000, 7259.57, 7241.07, 7236.73, 16.516, 7.52824, 6.69018
10, 1080.00000, 7260.04, 7243.15, 7236.9, 16.5073, 7.49076, 6.65967
10, 1140.00000, 7260.56, 7244.6, 7237.33, 16.4845, 7.46477, 6.63135
10, 1200.00000, 7261.13, 7245.35, 7237.97, 16.4479, 7.45096, 6.60653
10, 1260.00000, 7261.73, 7245.38, 7238.77, 16.398, 7.44962, 6.58641
10, 1320.00000, 7262.02, 7244.42, 7239.73, 16.3396, 7.4658, 6.57231
10, 1380.00000, 7262.34, 7242.77, 7240.75, 16.2704, 7.4935, 6.56483
10, 1440.00000, 7262.72, 7240.48, 7241.77, 16.1919, 7.53137, 6.56466
10, 1500.00000, 7263.18, 7237.65, 7242.73, 16.1058, 7.5778, 6.57227
10, 1560.00000, 7263.74, 7234.37, 7243.59, 16.0143, 7.63094, 6.58784
10, 1620.00000, 7264.41, 7230.76, 7244.29, 15.9195, 7.68871, 6.61132
10, 1680.00000, 7265.22, 7226.93, 7244.78, 15.8237, 7.7489, 6.64238
10, 1740.00000, 7266.16, 7223.02, 7245.04, 15.7291, 7.80927, 6.68044
10, 1800.00000, 7267.24, 7219.16, 7245.03, 15.638, 7.86761, 6.72463
10, 1860.00000, 7268.46, 7215.46, 7244.74, 15.5524, 7.92178, 6.77391
10, 1920.00000, 7270.14, 7212.4, 7243.99, 15.4705, 7.96418, 6.83073
10, 1980.00000, 7271.9, 7209.71, 7242.97, 15.398, 7.99928, 6.88971
10, 2040.00000, 7273.67, 7207.44, 7241.73, 15.3369, 8.02627, 6.94889
10, 2100.00000, 7275.38, 7205.64, 7240.31, 15.289, 8.04456, 7.00633
10, 2160.00000, 7276.96, 7204.34, 7238.76, 15.2557, 8.05393, 7.06016
10, 2220.00000, 7278.36, 7203.55, 7237.14, 15.2381, 8.05443, 7.10855
10, 2280.00000, 7279.51, 7203.27, 7235.5, 15.2368, 8.04647, 7.1499
10, 2340.00000, 7280.35, 7203.47, 7233.91, 15.2523, 8.03075, 7.18286
10, 2400.00000, 7280.84, 7204.12, 7232.43, 15.2844, 8.00823, 7.2064
10, 2460.00000, 7280.93, 7205.17, 7231.09, 15.3327, 7.98012, 7.21986
10, 2520.00000, 7280.45, 7206.49, 7230.36, 15.3932, 7.94657, 7.21131
10, 2580.00000, 7279.53, 7208.09, 7229.83, 15.4682, 7.9105, 7.19351
10, 2640.00000, 7278.21, 7209.92, 7229.48, 15.5561, 7.87365, 7.16814
10, 2700.00000, 7276.52, 7211.9, 7229.28, 15.6551, 7.83774, 7.13707
10, 2760.00000, 7274.49, 7213.97, 7229.22, 15.7633, 7.80447, 7.10236
10, 2820.00000, 7272.17, 7216.04, 7229.26, 15.8781, 7.77542, 7.06618
10, 2880.00000, 7269.63, 7218.05, 7229.36, 15.9972, 7.75201, 7.03069
10, 2940.00000, 7266.94, 7219.93, 7229.51, 16.1177, 7.73548, 6.99794
10, 3000.00000, 7264.16, 7221.6, 7229.67, 16.2368, 7.72684, 6.96981
10, 3060.00000, 7261.37, 7223.03, 7229.82, 16.3518, 7.72685, 6.94788
10, 3120.00000, 7258.64, 7224.39, 7229.68, 16.4629, 7.73558, 6.9415
10, 3180.00000, 7256.05, 7225.39, 7229.51, 16.5642, 7.75372, 6.94277
10, 3240.00000, 7253.68, 7225.97, 7229.34, 16.6532, 7.78131, 6.95141
10, 3300.00000, 7251.59, 7226.08, 7229.19, 16.7275, 7.818, 6.9668
10, 3360.00000, 7249.84, 7225.72, 7229.09, 16.7853, 7.86317, 6.98803
10, 3420.00000, 7248.48, 7224.86, 7229.06, 16.8251, 7.9158, 7.0139
10, 3480.00000, 7247.53, 7223.53, 7229.14, 16.846, 7.97464, 7.04294
10, 3540.00000, 7247.01, 7221.76, 7229.35, 16.8477, 8.03813, 7.07353
11, 0.00000, 7246.92, 7219.6, 7229.71, 16.8305, 8.10451, 7.10394
11, 60.00000, 7247.26, 7217.11, 7230.25, 16.7953, 8.17181, 7.13241
11, 120.00000, 7248.53, 7213.86, 7231.17, 16.7209, 8.23845, 7.15434
11, 180.00000, 7250.12, 7210.5, 7232.28, 16.6336, 8.302, 7.17127
11, 240.00000, 7251.9, 7207.18, 7233.56, 16.538, 8.36024, 7.18207
11, 300.00000, 7253.77, 7204.05, 7234.98, 16.4386, 8.41121, 7.18583
11, 360.00000, 7255.62, 7201.28, 7236.52, 16.34, 8.45314, 7.18184
11, 420.00000, 7257.36, 7198.98, 7238.15, 16.2462, 8.48449, 7.16975
11, 480.00000, 7258.89, 7197.28, 7239.81, 16.1612, 8.50406, 7.14947
11, 540.00000, 7260.15, 7196.27, 7241.48, 16.0881, 8.51096, 7.12132
11, 600.00000, 7261.07, 7196.01, 7243.09, 16.0294, 8.50472, 7.0859
11, 660.00000, 7261.62, 7196.54, 7244.6, 15.9866, 8.48528, 7.04419
11, 720.00000, 7260.87, 7198.92, 7246.21, 15.9944, 8.44629, 6.98671
11, 780.00000, 7259.82, 7201.96, 7247.61, 16.016, 8.39549, 6.92663
11, 840.00000, 7258.6, 7205.51, 7248.73, 16.047, 8.33498, 6.86657
11, 900.00000, 7257.34, 7209.36, 7249.53, 16.0825, 8.26686, 6.80919
11, 960.00000, 7256.18, 7213.32, 7249.96, 16.1177, 8.19345, 6.75709
11, 1020.00000, 7255.24, 7217.19, 7250, 16.1473, 8.11719, 6.71264
11, 1080.00000, 7254.66, 7220.76, 7249.64, 16.1667, 8.04062, 6.67798
11, 1140.00000, 7254.55, 7223.86, 7248.86, 16.1714, 7.96622, 6.6548
11, 1200.00000, 7255, 7226.32, 7247.69, 16.158, 7.89637, 6.64437
11, 1260.00000, 7256.08, 7228, 7246.15, 16.1239, 7.83324, 6.64737
11, 1320.00000, 7259.18, 7227.73, 7243.74, 16.0136, 7.78011, 6.6813
11, 1380.00000, 7262.9, 7226.57, 7241.11, 15.8835, 7.7379, 6.7274
11, 1440.00000, 7266.93, 7224.67, 7238.41, 15.7438, 7.70665, 6.7824
11, 1500.00000, 7271.15, 7222.13, 7235.74, 15.5995, 7.68719, 6.84387
11, 1560.00000, 7275.38, 7219.07, 7233.22, 15.4573, 7.67971, 6.90876
11, 1620.00000, 7279.43, 7215.66, 7230.99, 15.3243, 7.68396, 6.97383
11, 1680.00000, 7283.1, 7212.06, 7229.14, 15.2071, 7.69928, 7.03589
11, 1740.00000, 7286.19, 7208.5, 7227.77, 15.1129, 7.72374, 7.09179
11, 1800.00000, 7288.65, 7205.02, 7226.94, 15.0439, 7.75785, 7.13916
11, 1860.00000, 7290.29, 7201.85, 7226.72, 15.0056, 7.79908, 7.17551
11, 1920.00000, 7289.56, 7200.05, 7228.18, 15.058, 7.85075, 7.17479
11, 1980.00000, 7288, 7198.77, 7230.17, 15.1411, 7.90501, 7.1622
11, 2040.00000, 7285.74, 7197.99, 7232.54, 15.2493, 7.95969, 7.13959
11, 2100.00000, 7282.94, 7197.71, 7235.15, 15.3765, 8.01234, 7.10913
11, 2160.00000, 7279.77, 7197.9, 7237.84, 15.5159, 8.06059, 7.07334
11, 2220.00000, 7276.34, 7198.54, 7240.47, 15.6616, 8.10201, 7.03446
11, 2280.00000, 7273.03, 7199.47, 7242.8, 15.8012, 8.13561, 6.99671
11, 2340.00000, 7269.83, 7200.72, 7244.78, 15.9325, 8.15907, 6.96143
11, 2400.00000, 7266.96, 7202.17, 7246.25, 16.0473, 8.17168, 6.93159
11, 2460.00000, 7264.56, 7203.73, 7247.1, 16.1402, 8.173, 6.90938
11, 2520.00000, 7264.43, 7204.87, 7246.13, 16.1365, 8.14379, 6.9183
11, 2580.00000, 7264.85, 7205.96, 7244.54, 16.1094, 8.10602, 6.9361
11, 2640.00000, 7265.66, 7206.99, 7242.43, 16.065, 8.06233, 6.96138
11, 2700.00000, 7266.72, 7207.94, 7239.93, 16.0096, 8.01594, 6.99255
11, 2760.00000, 7267.9, 7208.77, 7237.18, 15.9501, 7.97016, 7.02773
11, 2820.00000, 7269.01, 7209.47, 7234.32, 15.8934, 7.92829, 7.06479
11, 2880.00000, 7269.91, 7210.02, 7231.53, 15.8464, 7.89349, 7.10154
11, 2940.00000, 7270.45, 7210.43, 7228.94, 15.8154, 7.86852, 7.1358
11, 3000.00000, 7270.49, 7210.68, 7226.71, 15.8058, 7.85575, 7.16555
11, 3060.00000, 7269.94, 7210.77, 7224.95, 15.8216, 7.85692, 7.18904
11, 3120.00000, 7267.17, 7211.07, 7224.94, 15.9309, 7.89457, 7.18304
11, 3180.00000, 7263.81, 7211.21, 7225.5, 16.065, 7.94574, 7.17012
11, 3240.00000, 7259.97, 7211.18, 7226.54, 16.219, 8.00839, 7.15165
11, 3300.00000, 7255.93, 7210.91, 7227.99, 16.3823, 8.08018, 7.12963
11, 3360.00000, 7251.84, 7210.41, 7229.74, 16.5485, 8.15776, 7.10585
11, 3420.00000, 7247.88, 7209.67, 7231.66, 16.709, 8.23761, 7.08229
11, 3480.00000, 7244.27, 7208.71, 7233.64, 16.8555, 8.31602, 7.06094
11, 3540.00000, 7241.25, 7207.53, 7235.52, 16.978, 8.38906, 7.04412
12, 0.00000, 7238.88, 7206.17, 7237.23, 17.0728, 8.45345, 7.03264
12, 60.00000, 7237.35, 7204.65, 7238.63, 17.1321, 8.50587, 7.02828
12, 120.00000, 7238.2, 7202.74, 7238.9, 17.0855, 8.52223, 7.04758
12, 180.00000, 7239.97, 7200.78, 7238.75, 17.0014, 8.52389, 7.07434
12, 240.00000, 7242.53, 7198.85, 7238.2, 16.8858, 8.51117, 7.10722
12, 300.00000, 7245.76, 7197.05, 7237.29, 16.7452, 8.48512, 7.14461
12, 360.00000, 7249.54, 7195.39, 7236.06, 16.5853, 8.44779, 7.18486
12, 420.00000, 7253.58, 7194.05, 7234.58, 16.4179, 8.40007, 7.22562
12, 480.00000, 7257.74, 7193.06, 7232.93, 16.25, 8.34478, 7.26481
12, 540.00000, 7261.82, 7192.47, 7231.19, 16.0896, 8.28434, 7.30028
12, 600.00000, 7265.64, 7192.33, 7229.45, 15.9446, 8.22132, 7.32992
12, 660.00000, 7268.96, 7192.67, 7227.83, 15.8235, 8.15812, 7.35153
12, 720.00000, 7270.94, 7193.92, 7226.84, 15.7675, 8.10609, 7.35059
12, 780.00000, 7272.26, 7195.63, 7226.07, 15.7407, 8.0574, 7.34028
12, 840.00000, 7272.93, 7197.73, 7225.55, 15.7426, 8.01335, 7.32101
12, 900.00000, 7272.93, 7200.14, 7225.3, 15.7718, 7.97487, 7.29346
12, 960.00000, 7272.3, 7202.78, 7225.32, 15.8259, 7.94263, 7.25855
12, 1020.00000, 7271.09, 7205.57, 7225.63, 15.9012, 7.91699, 7.21747
12, 1080.00000, 7269.37, 7208.41, 7226.2, 15.9933, 7.89808, 7.17154
12, 1140.00000, 7267.23, 7211.21, 7227.04, 16.0968, 7.88577, 7.12222
12, 1200.00000, 7264.78, 7213.89, 7228.12, 16.2061, 7.87968, 7.07098
12, 1260.00000, 7262.14, 7216.35, 7229.41, 16.315, 7.87923, 7.01929
12, 1320.00000, 7259.73, 7218.26, 7230.74, 16.4011, 7.88085, 6.97553
12, 1380.00000, 7257.34, 7219.85, 7232.24, 16.4765, 7.88676, 6.9333
12, 1440.00000, 7255.05, 7221.1, 7233.88, 16.5376, 7.89607, 6.8931
12, 1500.00000, 7252.93, 7222, 7235.64, 16.5813, 7.90789, 6.85529
12, 1560.00000, 7251.07, 7222.55, 7237.5, 16.6052, 7.92129, 6.8201
12, 1620.00000, 7249.51, 7222.78, 7239.42, 16.6076, 7.93535, 6.78766
12, 1680.00000, 7248.31, 7222.71, 7241.37, 16.5879, 7.94914, 6.758
12, 1740.00000, 7247.5, 7222.38, 7243.33, 16.5462, 7.96184, 6.73103
12, 1800.00000, 7247.09, 7221.83, 7245.25, 16.4836, 7.97272, 6.70665
12, 1860.00000, 7247.07, 7221.12, 7247.11, 16.4022, 7.98114, 6.68468
12, 1920.00000, 7247.73, 7220.44, 7249.13, 16.2853, 7.98193, 6.65752
12, 1980.00000, 7248.72, 7219.7, 7250.99, 16.157, 7.97992, 6.63304
12, 2040.00000, 7249.97, 7218.92, 7252.66, 16.0228, 7.97541, 6.61172
12, 2100.00000, 7251.41, 7218.17, 7254.07, 15.8882, 7.96883, 6.59395
12, 2160.00000, 7252.94, 7217.45, 7255.19, 15.7589, 7.96075, 6.58007
12, 2220.00000, 7254.5, 7216.82, 7256, 15.6399, 7.95175, 6.5703
12, 2280.00000, 7255.99, 7216.29, 7256.47, 15.536, 7.94251, 6.56478
12, 2340.00000, 7257.35, 7215.88, 7256.59, 15.4512, 7.9337, 6.56348
12, 2400.00000, 7258.52, 7215.6, 7256.36, 15.3884, 7.926, 6.56625
12, 2460.00000, 7259.43, 7215.45, 7255.82, 15.3498, 7.92001, 6.57277
12, 2520.00000, 7259.58, 7215.62, 7254.76, 15.369, 7.91915, 6.58697
12, 2580.00000, 7259.45, 7215.89, 7253.46, 15.4107, 7.92065, 6.60353
12, 2640.00000, 7259.08, 7216.24, 7252.01, 15.4708, 7.92467, 6.62128
12, 2700.00000, 7258.52, 7216.61, 7250.48, 15.5445, 7.93118, 6.63904
12, 2760.00000, 7257.82, 7216.99, 7248.96, 15.6265, 7.94009, 6.65561
12, 2820.00000, 7257.04, 7217.31, 7247.54, 15.7111, 7.95117, 6.66979
12, 2880.00000, 7256.25, 7217.55, 7246.3, 15.7922, 7.96415, 6.68048
12, 2940.00000, 7255.5, 7217.66, 7245.33, 15.8644, 7.97872, 6.68671
12, 3000.00000, 7254.87, 7217.62, 7244.69, 15.9222, 7.99446, 6.68765
12, 3060.00000, 7254.39, 7217.39, 7244.44, 15.9613, 8.01101, 6.68272
12, 3120.00000, 7254.77, 7216.86, 7244.82, 15.9373, 8.02183, 6.66624
12, 3180.00000, 7255.32, 7216.12, 7245.65, 15.8922, 8.03321, 6.64391
12, 3240.00000, 7256.01, 7215.2, 7246.92, 15.8287, 8.04521, 6.61642
12, 3300.00000, 7256.78, 7214.1, 7248.6, 15.7503, 8.05794, 6.58463
12, 3360.00000, 7257.58, 7212.86, 7250.66, 15.6613, 8.07143, 6.54966
12, 3420.00000, 7258.36, 7211.5, 7253.03, 15.5665, 8.0857, 6.51272
12, 3480.00000, 7259.05, 7210.07, 7255.65, 15.4709, 8.10067, 6.4752
12, 3540.00000, 7259.61, 7208.61, 7258.43, 15.3797, 8.11617, 6.43854
13, 0.00000, 7259.99, 7207.16, 7261.29, 15.2979, 8.13198, 6.40422
13, 60.00000, 7260.15, 7205.77, 7264.12, 15.2299, 8.14775, 6.37371
13, 120.00000, 7259.56, 7204.54, 7267.13, 15.2038, 8.16877, 6.3467
13, 180.00000, 7258.76, 7203.45, 7269.88, 15.1966, 8.18834, 6.32631
13, 240.00000, 7257.81, 7202.54, 7272.27, 15.2081, 8.20547, 6.3139
13, 300.00000, 7256.77, 7201.83, 7274.16, 15.2377, 8.21916, 6.31057
13, 360.00000, 7255.71, 7201.35, 7275.46, 15.2843, 8.22846, 6.31717
13, 420.00000, 7254.68, 7201.11, 7276.08, 15.3457, 8.23255, 6.33427
13, 480.00000, 7253.77, 7201.11, 7275.96, 15.4196, 8.23076, 6.36212
13, 540.00000, 7253.03, 7201.36, 7275.07, 15.5028, 8.22265, 6.40061
13, 600.00000, 7252.53, 7201.84, 7273.39, 15.5921, 8.20803, 6.4493
13, 660.00000, 7252.32, 7202.53, 7270.93, 15.684, 8.18698, 6.50741
13, 720.00000, 7253, 7203.7, 7267.08, 15.7604, 8.14733, 6.57882
13, 780.00000, 7254, 7204.98, 7262.62, 15.8333, 8.10338, 6.65686
13, 840.00000, 7255.32, 7206.31, 7257.64, 15.8999, 8.05695, 6.74023
13, 900.00000, 7256.82, 7207.6, 7252.46, 15.9603, 8.01061, 6.82481
13, 960.00000, 7258.49, 7208.79, 7247.19, 16.0119, 7.9663, 6.90912
13, 1020.00000, 7260.26, 7209.81, 7242.02, 16.0532, 7.92613, 6.99078
13, 1080.00000, 7262.07, 7210.59, 7237.15, 16.083, 7.89202, 7.06752
13, 1140.00000, 7263.82, 7211.1, 7232.79, 16.1017, 7.86568, 7.13638
13, 1200.00000, 7265.54, 7211.26, 7228.97, 16.1061, 7.84843, 7.19741
13, 1260.00000, 7267.14, 7211.06, 7225.9, 16.0971, 7.84134, 7.24816
13, 1320.00000, 7268.19, 7210.04, 7224.71, 16.0704, 7.85757, 7.27692
13, 1380.00000, 7269.07, 7208.69, 7224.34, 16.0313, 7.88369, 7.29422
13, 1440.00000, 7269.79, 7207.05, 7224.72, 15.9807, 7.9183, 7.301
13, 1500.00000, 7270.38, 7205.18, 7225.74, 15.9196, 7.9597, 7.29832
13, 1560.00000, 7270.89, 7203.15, 7227.29, 15.8493, 8.0059, 7.28753
13, 1620.00000, 7271.33, 7201.04, 7229.24, 15.7714, 8.05478, 7.27017
13, 1680.00000, 7271.76, 7198.93, 7231.44, 15.6873, 8.10408, 7.24798
13, 1740.00000, 7272.21, 7196.88, 7233.75, 15.5985, 8.15155, 7.22274
13, 1800.00000, 7272.72, 7194.96, 7236.03, 15.5064, 8.19512, 7.1962
13, 1860.00000, 7273.33, 7193.25, 7238.14, 15.4124, 8.23286, 7.17004
13, 1920.00000, 7274.39, 7192.46, 7239.02, 15.3275, 8.24863, 7.15269
13, 1980.00000, 7275.58, 7191.89, 7239.6, 15.2418, 8.25686, 7.13812
13, 2040.00000, 7276.87, 7191.51, 7239.92, 15.1558, 8.25818, 7.12651
13, 2100.00000, 7278.24, 7191.26, 7240.02, 15.0695, 8.2533, 7.11802
13, 2160.00000, 7279.66, 7191.09, 7239.94, 14.9833, 8.24327, 7.11261
13, 2220.00000, 7281.09, 7190.95, 7239.75, 14.8973, 8.22933, 7.10997
13, 2280.00000, 7282.49, 7190.78, 7239.51, 14.812, 8.21282, 7.10965
13, 2340.00000, 7283.82, 7190.55, 7239.31, 14.728, 8.19517, 7.11099
13, 2400.00000, 7285.05, 7190.2, 7239.2, 14.6462, 8.17775, 7.11326
13, 2460.00000, 7286.12, 7189.71, 7239.25, 14.5677, 8.16188, 7.11561
13, 2520.00000, 7286.89, 7188.5, 7240.47, 14.4705, 8.15546, 7.11015
13, 2580.00000, 7287.43, 7187.19, 7241.88, 14.382, 8.15211, 7.10338
13, 2640.00000, 7287.73, 7185.85, 7243.39, 14.3055, 8.15177, 7.09532
13, 2700.00000, 7287.77, 7184.56, 7244.94, 14.2444, 8.15428, 7.08573
13, 2760.00000, 7287.55, 7183.41, 7246.45, 14.2017, 8.15927, 7.07435
13, 2820.00000, 7287.07, 7182.49, 7247.85, 14.1801, 8.16614, 7.06094
13, 2880.00000, 7286.31, 7181.88, 7249.06, 14.1817, 8.17416, 7.04526
13, 2940.00000, 7285.29, 7181.67, 7250.03, 14.2081, 8.18243, 7.02705
13, 3000.00000, 7284.02, 7181.93, 7250.71, 14.2604, 8.18999, 7.00607
13, 3060.00000, 7282.51, 7182.71, 7251.06, 14.3386, 8.19579, 6.98208
13, 3120.00000, 7280.98, 7184.59, 7250.2, 14.4645, 8.19558, 6.96113
13, 3180.00000, 7279.23, 7187.02, 7249.05, 14.6134, 8.19179, 6.93647
13, 3240.00000, 7277.27, 7189.96, 7247.71, 14.7815, 8.18391, 6.90723
13, 3300.00000, 7275.12, 7193.35, 7246.3, 14.9641, 8.17144, 6.87284
13, 3360.00000, 7272.78, 7197.12, 7244.92, 15.1556, 8.15393, 6.83287
13, 3420.00000, 7270.27, 7201.26, 7243.62, 15.3506, 8.13009, 6.78756
13, 3480.00000, 7267.65, 7205.53, 7242.61, 15.541, 8.10184, 6.73596
13, 3540.00000, 7264.95, 7209.89, 7241.93, 15.7207, 8.06829, 6.67878
14, 0.00000, 7262.22, 7214.24, 7241.66, 15.8833, 8.02969, 6.61655
14, 60.00000, 7259.5, 7218.47, 7241.86, 16.0229, 7.98646, 6.55004
14, 120.00000, 7256.65, 7222.29, 7243.59, 16.1054, 7.93662, 6.46568
14, 180.00000, 7253.91, 7225.89, 7245.72, 16.1598, 7.8828, 6.38068
14, 240.00000, 7251.4, 7229.1, 7248.17, 16.1845, 7.82729, 6.29778
14, 300.00000, 7249.2, 7231.87, 7250.81, 16.1806, 7.77145, 6.21973
14, 360.00000, 7247.36, 7234.14, 7253.52, 16.1502, 7.71666, 6.14917
14, 420.00000, 7245.95, 7235.88, 7256.17, 16.0959, 7.66431, 6.08858
14, 480.00000, 7245.01, 7237.06, 7258.64, 16.0215, 7.61574, 6.04009
14, 540.00000, 7244.56, 7237.68, 7260.81, 15.9307, 7.57219, 6.00549
14, 600.00000, 7244.63, 7237.75, 7262.58, 15.8278, 7.53479, 5.98605
14, 660.00000, 7245.2, 7237.3, 7263.85, 15.7167, 7.50448, 5.98252
14, 720.00000, 7246.89, 7236.24, 7263.63, 15.6103, 7.48202, 6.01345
14, 780.00000, 7249, 7234.75, 7262.89, 15.502, 7.46804, 6.05859
14, 840.00000, 7251.39, 7232.92, 7261.71, 15.3948, 7.46279, 6.11518
14, 900.00000, 7253.95, 7230.83, 7260.18, 15.2913, 7.46634, 6.1801
14, 960.00000, 7256.56, 7228.55, 7258.41, 15.1935, 7.47858, 6.24991
14, 1020.00000, 7259.11, 7226.19, 7256.53, 15.1031, 7.49912, 6.32096
14, 1080.00000, 7261.46, 7223.81, 7254.65, 15.0213, 7.52738, 6.38959
14, 1140.00000, 7263.53, 7221.5, 7252.9, 14.9491, 7.56259, 6.45226
14, 1200.00000, 7265.23, 7219.33, 7251.42, 14.887, 7.60375, 6.50575
14, 1260.00000, 7266.48, 7217.35, 7250.29, 14.835, 7.64972, 6.54735
14, 1320.00000, 7266.41, 7216, 7250.63, 14.7929, 7.70283, 6.55127
14, 1380.00000, 7265.89, 7214.9, 7251.41, 14.7608, 7.75775, 6.54165
14, 1440.00000, 7265, 7214.02, 7252.56, 14.7373, 7.81291, 6.52
14, 1500.00000, 7263.84, 7213.32, 7254.04, 14.7213, 7.86657, 6.48818
14, 1560.00000, 7262.5, 7212.78, 7255.77, 14.7116, 7.91709, 6.44851
14, 1620.00000, 7261.11, 7212.35, 7257.64, 14.7069, 7.96296, 6.40356
14, 1680.00000, 7259.75, 7211.98, 7259.58, 14.7062, 8.0029, 6.35606
14, 1740.00000, 7258.53, 7211.63, 7261.49, 14.7081, 8.03592, 6.30871
14, 1800.00000, 7257.54, 7211.24, 7263.29, 14.7117, 8.06137, 6.26406
14, 1860.00000, 7256.85, 7210.78, 7264.9, 14.7164, 8.079, 6.22442
14, 1920.00000, 7257.59, 7209.99, 7265.46, 14.7082, 8.07358, 6.20997
14, 1980.00000, 7258.62, 7209.07, 7265.79, 14.701, 8.0625, 6.20246
14, 2040.00000, 7259.84, 7208.04, 7265.94, 14.6966, 8.04779, 6.20138
14, 2100.00000, 7261.13, 7206.91, 7265.97, 14.6965, 8.03173, 6.20591
14, 2160.00000, 7262.37, 7205.7, 7265.92, 14.7022, 8.0166, 6.21496
14, 2220.00000, 7263.45, 7204.44, 7265.87, 14.7155, 8.00453, 6.22717
14, 2280.00000, 7264.24, 7203.18, 7265.86, 14.7379, 7.99741, 6.24102
14, 2340.00000, 7264.64, 7201.95, 7265.97, 14.7707, 7.99681, 6.25491
14, 2400.00000, 7264.55, 7200.81, 7266.23, 14.8153, 8.00386, 6.26727
14, 2460.00000, 7263.9, 7199.81, 7266.68, 14.8725, 8.01924, 6.27661
14, 2520.00000, 7261.68, 7199.15, 7268.14, 14.9504, 8.06003, 6.26617
14, 2580.00000, 7258.89, 7198.72, 7269.75, 15.0413, 8.10753, 6.25168
14, 2640.00000, 7255.66, 7198.54, 7271.43, 15.1439, 8.15959, 6.23392
14, 2700.00000, 7252.08, 7198.65, 7273.09, 15.2568, 8.21361, 6.21376
14, 2760.00000, 7248.25, 7199.1, 7274.63, 15.38, 8.26638, 6.19201
14, 2820.00000, 7244.41, 7199.84, 7275.94, 15.508, 8.31519, 6.17028
14, 2880.00000, 7240.71, 7200.88, 7276.94, 15.6385, 8.35705, 6.14961
14, 2940.00000, 7237.18, 7202.29, 7277.54, 15.7726, 8.38824, 6.13098
14, 3000.00000, 7234.02, 7204.04, 7277.65, 15.906, 8.40623, 6.11563
14, 3060.00000, 7231.34, 7206.11, 7277.22, 16.0362, 8.40871, 6.10456
14, 3120.00000, 7230.04, 7208.5, 7275.79, 16.1526, 8.37811, 6.10473
14, 3180.00000, 7229.34, 7211.15, 7273.8, 16.2612, 8.33073, 6.11004
14, 3240.00000, 7229.23, 7214.01, 7271.27, 16.3609, 8.2677, 6.12026
14, 3300.00000, 7229.66, 7217.05, 7268.26, 16.4503, 8.19078, 6.13502
14, 3360.00000, 7230.58, 7220.21, 7264.85, 16.5283, 8.10235, 6.15373
14, 3420.00000, 7231.92, 7223.42, 7261.13, 16.5939, 8.00523, 6.17566
14, 3480.00000, 7233.57, 7226.61, 7257.21, 16.6463, 7.90263, 6.19991
14, 3540.00000, 7235.45, 7229.73, 7253.19, 16.6851, 7.79791, 6.22548
15, 0.00000, 7237.45, 7232.69, 7249.21, 16.71, 7.69455, 6.25133
15, 60.00000, 7239.47, 7235.45, 7245.37, 16.721, 7.59591, 6.27637
15, 120.00000, 7241.17, 7238.19, 7241.74, 16.7184, 7.50378, 6.29943
15, 180.00000, 7242.71, 7240.59, 7238.49, 16.703, 7.42241, 6.31975
15, 240.00000, 7244.04, 7242.56, 7235.74, 16.6754, 7.35462, 6.33643
15, 300.00000, 7245.1, 7244.05, 7233.56, 16.6367, 7.30268, 6.34875
15, 360.00000, 7245.85, 7244.99, 7232.04, 16.5883, 7.2684, 6.35619
15, 420.00000, 7246.27, 7245.35, 7231.23, 16.5316, 7.25307, 6.35845
15, 480.00000, 7246.36, 7245.11, 7231.15, 16.4682, 7.25738, 6.35546
15, 540.00000, 7246.13, 7244.26, 7231.81, 16.4, 7.28147, 6.34742
15, 600.00000, 7245.6, 7242.81, 7233.18, 16.3287, 7.32479, 6.33477
15, 660.00000, 7244.81, 7240.8, 7235.19, 16.256, 7.38618, 6.31824
15, 720.00000, 7243.66, 7237.85, 7238.61, 16.1757, 7.47849, 6.28752
15, 780.00000, 7242.37, 7234.48, 7242.43, 16.0983, 7.58359, 6.2558
15, 840.00000, 7241.05, 7230.8, 7246.45, 16.026, 7.69714, 6.22551
15, 900.00000, 7239.79, 7226.96, 7250.46, 15.9606, 7.81437, 6.19895
15, 960.00000, 7238.67, 7223.08, 7254.27, 15.904, 7.93029, 6.17828
15, 1020.00000, 7237.79, 7219.32, 7257.66, 15.8575, 8.03991, 6.16551
15, 1080.00000, 7237.22, 7215.8, 7260.46, 15.8222, 8.1384, 6.16234
15, 1140.00000, 7237.02, 7212.66, 7262.52, 15.799, 8.22139, 6.17011
15, 1200.00000, 7237.23, 7210.01, 7263.71, 15.7879, 8.28512, 6.1897
15, 1260.00000, 7237.9, 7207.94, 7263.95, 15.789, 8.32673, 6.22152
15, 1320.00000, 7239.57, 7207.26, 7261.99, 15.8095, 8.31531, 6.27975
15, 1380.00000, 7241.66, 7207.22, 7259.12, 15.8396, 8.28147, 6.34839
15, 1440.00000, 7244.08, 7207.77, 7255.51, 15.8778, 8.22818, 6.42462
15, 1500.00000, 7246.73, 7208.84, 7251.33, 15.9218, 8.15907, 6.50549
15, 1560.00000, 7249.5, 7210.33, 7246.81, 15.9691, 8.07831, 6.58766
15, 1620.00000, 7252.29, 7212.16, 7242.17, 16.0172, 7.99045, 6.66761
15, 1680.00000, 7254.98, 7214.21, 7237.64, 16.0634, 7.90014, 6.74177
15, 1740.00000, 7257.46, 7216.37, 7233.46, 16.1052, 7.81191, 6.8067
15, 1800.00000, 7259.64, 7218.54, 7229.83, 16.1404, 7.72995, 6.85921
15, 1860.00000, 7261.42, 7220.61, 7226.94, 16.1668, 7.65799, 6.89658
15, 1920.00000, 7262.31, 7221.85, 7226.28, 16.1652, 7.62598, 6.9028
15, 1980.00000, 7262.71, 7222.89, 7226.53, 16.1539, 7.60705, 6.89116
15, 2040.00000, 7262.62, 7223.72, 7227.63, 16.1334, 7.60055, 6.86247
15, 2100.00000, 7262.07, 7224.37, 7229.49, 16.1049, 7.60532, 6.8179
15, 2160.00000, 7261.12, 7224.84, 7232, 16.0697, 7.6197, 6.75922
15, 2220.00000, 7259.81, 7225.15, 7235, 16.0296, 7.64163, 6.68877
15, 2280.00000, 7258.23, 7225.33, 7238.36, 15.9862, 7.66876, 6.60932
15, 2340.00000, 7256.46, 7225.41, 7241.88, 15.9412, 7.69864, 6.52396
15, 2400.00000, 7254.6, 7225.42, 7245.42, 15.8962, 7.72875, 6.43598
15, 2460.00000, 7252.72, 7225.37, 7248.81, 15.8526, 7.75682, 6.34871
15, 2520.00000, 7251.11, 7226.09, 7251.07, 15.8245, 7.75427, 6.26468
15, 2580.00000, 7249.67, 7226.72, 7252.96, 15.7983, 7.74821, 6.18801
15, 2640.00000, 7248.47, 7227.18, 7254.49, 15.7737, 7.73996, 6.12133
15, 2700.00000, 7247.57, 7227.41, 7255.65, 15.7497, 7.73086, 6.06708
15, 2760.00000, 7247.01, 7227.32, 7256.43, 15.7255, 7.72249, 6.02724
15, 2820.00000, 7246.85, 7226.85, 7256.89, 15.6998, 7.71649, 6.00327
15, 2880.00000, 7247.09, 7225.97, 7257.05, 15.6716, 7.71446, 5.99617
15, 2940.00000, 7247.76, 7224.62, 7256.96, 15.6397, 7.71784, 6.0064
15, 3000.00000, 7248.84, 7222.78, 7256.69, 15.6033, 7.72789, 6.03388
15, 3060.00000, 7250.33, 7220.45, 7256.29, 15.5615, 7.74556, 6.07804
15, 3120.00000, 7252.47, 7216.86, 7256.3, 15.4974, 7.79179, 6.15001
15, 3180.00000, 7254.9, 7212.88, 7256.26, 15.4288, 7.84501, 6.23504
15, 3240.00000, 7257.58, 7208.6, 7256.2, 15.3564, 7.9042, 6.32982
15, 3300.00000, 7260.36, 7204.3, 7256.04, 15.2838, 7.965, 6.43134
15, 3360.00000, 7263.17, 7200.05, 7255.83, 15.2122, 8.02606, 6.53534
15, 3420.00000, 7265.92, 7196, 7255.57, 15.1434, 8.08487, 6.63768
15, 3480.00000, 7268.48, 7192.36, 7255.25, 15.0804, 8.13799, 6.73439
15, 3540.00000, 7270.82, 7189.11, 7254.91, 15.0228, 8.18524, 6.8213
16, 0.00000, 7272.85, 7186.43, 7254.54, 14.9735, 8.22355, 6.89516
16, 60.00000, 7274.5, 7184.4, 7254.13, 14.9337, 8.25133, 6.95321
16, 120.00000, 7275.37, 7184.11, 7253.56, 14.9147, 8.24383, 6.96978
16, 180.00000, 7275.81, 7184.49, 7252.96, 14.9065, 8.226, 6.96959
16, 240.00000, 7275.83, 7185.43, 7252.34, 14.9085, 8.2003, 6.95448
16, 300.00000, 7275.48, 7186.8, 7251.7, 14.9203, 8.16926, 6.92707
16, 360.00000, 7274.79, 7188.48, 7251.04, 14.9409, 8.13563, 6.89056
16, 420.00000, 7273.82, 7190.33, 7250.36, 14.9693, 8.10223, 6.84848
16, 480.00000, 7272.64, 7192.21, 7249.65, 15.0044, 8.07183, 6.80454
16, 540.00000, 7271.31, 7193.99, 7248.92, 15.0451, 8.04695, 6.76241
16, 600.00000, 7269.9, 7195.55, 7248.14, 15.0901, 8.02978, 6.72553
16, 660.00000, 7268.47, 7196.78, 7247.32, 15.1385, 8.02209, 6.69701
16, 720.00000, 7267.49, 7196.67, 7246.71, 15.1715, 8.04477, 6.69728
16, 780.00000, 7266.58, 7196.16, 7246.04, 15.2076, 8.07744, 6.70875
16, 840.00000, 7265.76, 7195.31, 7245.25, 15.2477, 8.11827, 6.73149
16, 900.00000, 7265.03, 7194.19, 7244.3, 15.2928, 8.16526, 6.76499
16, 960.00000, 7264.4, 7192.88, 7243.19, 15.3438, 8.21603, 6.80824
16, 1020.00000, 7263.86, 7191.49, 7241.87, 15.4016, 8.26794, 6.85981
16, 1080.00000, 7263.4, 7190.12, 7240.33, 15.4668, 8.3182, 6.91789
16, 1140.00000, 7263, 7188.89, 7238.58, 15.5399, 8.36403, 6.98043
16, 1200.00000, 7262.66, 7187.91, 7236.61, 15.6209, 8.4028, 7.04514
16, 1260.00000, 7262.34, 7187.25, 7234.44, 15.7095, 8.43214, 7.10968
16, 1320.00000, 7261.86, 7187.83, 7231.81, 15.8229, 8.43209, 7.15915
16, 1380.00000, 7261.39, 7188.83, 7229.07, 15.9409, 8.42061, 7.20505
16, 1440.00000, 7260.92, 7190.2, 7226.31, 16.0604, 8.39866, 7.24628
16, 1500.00000, 7260.45, 7191.89, 7223.61, 16.1783, 8.36744, 7.28204
16, 1560.00000, 7259.99, 7193.84, 7221.06, 16.2913, 8.32854, 7.31169
16, 1620.00000, 7259.53, 7195.97, 7218.75, 16.3959, 8.28388, 7.3348
16, 1680.00000, 7259.08, 7198.2, 7216.74, 16.4893, 8.2356, 7.35116
16, 1740.00000, 7258.64, 7200.45, 7215.13, 16.5686, 8.18595, 7.36072
16, 1800.00000, 7258.21, 7202.63, 7213.96, 16.6316, 8.13722, 7.36361
16, 1860.00000, 7257.8, 7204.65, 7213.29, 16.6768, 8.09159, 7.36013
16, 1920.00000, 7257.61, 7206.08, 7213.58, 16.6723, 8.05601, 7.3544
16, 1980.00000, 7257.42, 7207.25, 7214.38, 16.6516, 8.027, 7.34283
16, 2040.00000, 7257.22, 7208.14, 7215.63, 16.6183, 8.00555, 7.32588
16, 2100.00000, 7256.97, 7208.74, 7217.27, 16.5759, 7.99245, 7.30403
16, 2160.00000, 7256.68, 7209.05, 7219.22, 16.5286, 7.98818, 7.27785
16, 2220.00000, 7256.32, 7209.09, 7221.42, 16.4803, 7.99285, 7.24801
16, 2280.00000, 7255.88, 7208.86, 7223.76, 16.4348, 8.00621, 7.21527
16, 2340.00000, 7255.38, 7208.41, 7226.17, 16.3956, 8.02767, 7.18046
16, 2400.00000, 7254.8, 7207.77, 7228.54, 16.3658, 8.05626, 7.14447
16, 2460.00000, 7254.15, 7206.97, 7230.8, 16.3476, 8.09078, 7.10826
16, 2520.00000, 7253.33, 7206.21, 7232.59, 16.3725, 8.13269, 7.06825
16, 2580.00000, 7252.48, 7205.37, 7234.14, 16.4089, 8.17703, 7.03044
16, 2640.00000, 7251.64, 7204.49, 7235.41, 16.4544, 8.22178, 6.99612
16, 2700.00000, 7250.83, 7203.59, 7236.4, 16.5057, 8.26478, 6.96654
16, 2760.00000, 7250.1, 7202.72, 7237.09, 16.559, 8.30396, 6.94285
16, 2820.00000, 7249.47, 7201.89, 7237.47, 16.6105, 8.33735, 6.92599
16, 2880.00000, 7248.98, 7201.13, 7237.56, 16.656, 8.36324, 6.91678
16, 2940.00000, 7248.67, 7200.45, 7237.37, 16.6916, 8.38018, 6.91576
16, 3000.00000, 7248.57, 7199.88, 7236.92, 16.7139, 8.38713, 6.92327
16, 3060.00000, 7248.69, 7199.41, 7236.25, 16.7201, 8.38347, 6.9394
16, 3120.00000, 7249.26, 7199.24, 7235.72, 16.6718, 8.35605, 6.96551
16, 3180.00000, 7250.05, 7199.16, 7235.01, 16.6079, 8.31925, 6.99945
16, 3240.00000, 7251.06, 7199.14, 7234.11, 16.5315, 8.275, 7.04051
16, 3300.00000, 7252.25, 7199.14, 7233.04, 16.4465, 8.22552, 7.08767
16, 3360.00000, 7253.61, 7199.13, 7231.81, 16.3569, 8.17328, 7.13972
16, 3420.00000, 7255.08, 7199.07, 7230.44, 16.267, 8.12083, 7.19527
16, 3480.00000, 7256.64, 7198.94, 7228.95, 16.1808, 8.07081, 7.2528
16, 3540.00000, 7258.25, 7198.71, 7227.38, 16.1023, 8.02572, 7.31072
17, 0.00000, 7259.86, 7198.35, 7225.76, 16.035, 7.98789, 7.36742
17, 60.00000, 7261.44, 7197.84, 7224.14, 15.9816, 7.95935, 7.42128
17, 120.00000, 7262.92, 7196.92, 7222.19, 15.9677, 7.95407, 7.47056
17, 180.00000, 7264.3, 7195.86, 7220.36, 15.9697, 7.95999, 7.51425
17, 240.00000, 7265.54, 7194.67, 7218.73, 15.987, 7.97683, 7.55112
17, 300.00000, 7266.61, 7193.4, 7217.37, 16.0183, 8.00396, 7.58025
17, 360.00000, 7267.48, 7192.06, 7216.37, 16.0619, 8.04047, 7.60099
17, 420.00000, 7268.15, 7190.7, 7215.78, 16.1156, 8.08517, 7.61298
17, 480.00000, 7268.61, 7189.35, 7215.65, 16.1769, 8.13667, 7.61616
17, 540.00000, 7268.83, 7188.04, 7216.01, 16.2429, 8.19342, 7.61081
17, 600.00000, 7268.84, 7186.79, 7216.87, 16.3107, 8.25388, 7.59752
17, 660.00000, 7268.64, 7185.64, 7218.23, 16.3773, 8.31648, 7.5772
17, 720.00000, 7268.25, 7185.1, 7220.84, 16.4167, 8.36461, 7.53891
17, 780.00000, 7267.68, 7184.65, 7223.81, 16.4514, 8.41319, 7.49702
17, 840.00000, 7266.96, 7184.24, 7227, 16.4809, 8.46248, 7.45431
17, 900.00000, 7266.12, 7183.83, 7230.27, 16.5056, 8.51267, 7.41343
17, 960.00000, 7265.2, 7183.38, 7233.47, 16.5257, 8.56399, 7.37691
17, 1020.00000, 7264.21, 7182.84, 7236.47, 16.542, 8.61663, 7.34709
17, 1080.00000, 7263.21, 7182.19, 7239.14, 16.5555, 8.67072, 7.32595
17, 1140.00000, 7262.2, 7181.4, 7241.36, 16.5671, 8.72628, 7.31507
17, 1200.00000, 7261.24, 7180.44, 7243.03, 16.578, 8.78315, 7.31553
17, 1260.00000, 7260.33, 7179.33, 7244.09, 16.5892, 8.84097, 7.32784
17, 1320.00000, 7259.69, 7177.51, 7243.43, 16.6137, 8.91145, 7.37422
17, 1380.00000, 7259.15, 7175.59, 7242.17, 16.6391, 8.98064, 7.4301
17, 1440.00000, 7258.7, 7173.68, 7240.43, 16.6651, 9.04628, 7.49216
17, 1500.00000, 7258.34, 7171.85, 7238.31, 16.6914, 9.1062, 7.55701
17, 1560.00000, 7258.05, 7170.2, 7235.96, 16.7175, 9.15822, 7.62106
17, 1620.00000, 7257.83, 7168.82, 7233.52, 16.7428, 9.20026, 7.6808
17, 1680.00000, 7257.68, 7167.8, 7231.14, 16.7668, 9.23044, 7.73291
17, 1740.00000, 7257.57, 7167.2, 7228.93, 16.7892, 9.24723, 7.77449
17, 1800.00000, 7257.5, 7167.1, 7227.02, 16.8096, 9.24945, 7.80318
17, 1860.00000, 7257.46, 7167.53, 7225.5, 16.8278, 9.23642, 7.81737
17, 1920.00000, 7257.26, 7169.28, 7225.91, 16.8289, 9.19327, 7.77998
17, 1980.00000, 7257.08, 7171.53, 7226.69, 16.8298, 9.13613, 7.7301
17, 2040.00000, 7256.95, 7174.18, 7227.71, 16.832, 9.06746, 7.67204
17, 2100.00000, 7256.88, 7177.1, 7228.8, 16.8371, 8.98981, 7.61028
17, 2160.00000, 7256.89, 7180.19, 7229.82, 16.8471, 8.90604, 7.54956
17, 2220.00000, 7256.99, 7183.32, 7230.61, 16.8636, 8.81914, 7.49465
17, 2280.00000, 7257.19, 7186.37, 7231.02, 16.888, 8.73212, 7.45006
17, 2340.00000, 7257.49, 7189.24, 7230.92, 16.9218, 8.64793, 7.4199
17, 2400.00000, 7257.9, 7191.81, 7230.19, 16.9659, 8.56932, 7.40759
17, 2460.00000, 7258.39, 7194.01, 7228.76, 17.0207, 8.49873, 7.41575
17, 2520.00000, 7259.36, 7195.13, 7225.13, 17.0935, 8.44525, 7.48363
17, 2580.00000, 7260.41, 7195.8, 7220.76, 17.175, 8.40296, 7.57231
17, 2640.00000, 7261.4, 7196.07, 7215.96, 17.2661, 8.37265, 7.67583
17, 2700.00000, 7262.3, 7196, 7210.84, 17.3644, 8.35423, 7.79044
17, 2760.00000, 7263.05, 7195.65, 7205.62, 17.4679, 8.34748, 7.9109
17, 2820.00000, 7263.59, 7195.11, 7200.49, 17.5744, 8.35182, 8.03156
17, 2880.00000, 7263.88, 7194.45, 7195.7, 17.6814, 8.36627, 8.14659
17, 2940.00000, 7263.87, 7193.76, 7191.45, 17.7865, 8.38959, 8.25034
17, 3000.00000, 7263.51, 7193.14, 7188.01, 17.8871, 8.4201, 8.33659
17, 3060.00000, 7262.84, 7192.62, 7185.41, 17.9804, 8.45647, 8.40288
17, 3120.00000, 7261.46, 7192.81, 7185.3, 18.054, 8.49515, 8.40799
17, 3180.00000, 7259.77, 7193.21, 7186.23, 18.1174, 8.53578, 8.38859
17, 3240.00000, 7257.84, 7193.8, 7188.09, 18.1692, 8.57676, 8.34686
17, 3300.00000, 7255.76, 7194.57, 7190.75, 18.2086, 8.61636, 8.28555
17, 3360.00000, 7253.59, 7195.49, 7194.07, 18.2351, 8.65296, 8.20816
17, 3420.00000, 7251.44, 7196.53, 7197.85, 18.2483, 8.68512, 8.11875
17, 3480.00000, 7249.38, 7197.63, 7201.92, 18.2482, 8.71163, 8.02182
17, 3540.00000, 7247.51, 7198.76, 7206.09, 18.235, 8.73159, 7.92196
18, 0.00000, 7245.91, 7199.84, 7210.16, 18.2091, 8.74443, 7.82376
18, 60.00000, 7244.63, 7200.82, 7213.97, 18.1711, 8.74993, 7.7315
18, 120.00000, 7244.12, 7201.55, 7216.41, 18.125, 8.73909, 7.67151
18, 180.00000, 7244.02, 7202.08, 7218.39, 18.0681, 8.72243, 7.62276
18, 240.00000, 7244.3, 7202.37, 7219.9, 18.0018, 8.70158, 7.58576
18, 300.00000, 7244.94, 7202.4, 7220.94, 17.9271, 8.6784, 7.56069
18, 360.00000, 7245.91, 7202.14, 7221.55, 17.8452, 8.65486, 7.5472
18, 420.00000, 7247.16, 7201.58, 7221.77, 17.7577, 8.633, 7.54449
18, 480.00000, 7248.64, 7200.73, 7221.65, 17.6659, 8.61473, 7.55131
18, 540.00000, 7250.28, 7199.58, 7221.27, 17.5715, 8.60184, 7.56613
18, 600.00000, 7252.03, 7198.17, 7220.7, 17.4761, 8.59583, 7.58715
18, 660.00000, 7253.8, 7196.51, 7220.01, 17.3815, 8.59791, 7.61247
18, 720.00000, 7255.38, 7194.67, 7219.98, 17.2808, 8.61615, 7.6252
18, 780.00000, 7256.86, 7192.67, 7219.93, 17.1853, 8.64305, 7.63947
18, 840.00000, 7258.22, 7190.56, 7219.84, 17.0973, 8.67802, 7.6549
18, 900.00000, 7259.4, 7188.4, 7219.72, 17.0189, 8.72006, 7.671
18, 960.00000, 7260.37, 7186.23, 7219.56, 16.9524, 8.76781, 7.68736
18, 1020.00000, 7261.11, 7184.14, 7219.35, 16.8996, 8.81962, 7.70358
18, 1080.00000, 7261.59, 7182.18, 7219.07, 16.862, 8.87358, 7.71935
18, 1140.00000, 7261.81, 7180.41, 7218.71, 16.8409, 8.92764, 7.73436
18, 1200.00000, 7261.75, 7178.9, 7218.27, 16.8368, 8.97961, 7.74831
18, 1260.00000, 7261.41, 7177.69, 7217.73, 16.8502, 9.02729, 7.76093
18, 1320.00000, 7261.01, 7176.89, 7216.73, 16.8817, 9.06441, 7.77943
18, 1380.00000, 7260.34, 7176.48, 7215.66, 16.9295, 9.09356, 7.79545
18, 1440.00000, 7259.42, 7176.5, 7214.57, 16.9928, 9.11334, 7.80798
18, 1500.00000, 7258.25, 7176.95, 7213.51, 17.0697, 9.12262, 7.81612
18, 1560.00000, 7256.84, 7177.84, 7212.51, 17.1582, 9.12062, 7.81914
18, 1620.00000, 7255.24, 7179.16, 7211.63, 17.2559, 9.10686, 7.81642
18, 1680.00000, 7253.47, 7180.89, 7210.9, 17.36, 9.08131, 7.80755
18, 1740.00000, 7251.58, 7183, 7210.36, 17.4674, 9.04426, 7.79232
18, 1800.00000, 7249.61, 7185.42, 7210.04, 17.5749, 8.99643, 7.7708
18, 1860.00000, 7247.63, 7188.1, 7209.94, 17.6792, 8.93889, 7.74329
18, 1920.00000, 7245.53, 7191.26, 7210.52, 17.7727, 8.86514, 7.69922
18, 1980.00000, 7243.54, 7194.52, 7211.3, 17.8571, 8.78542, 7.65149
18, 2040.00000, 7241.75, 7197.76, 7212.24, 17.9296, 8.70245, 7.60219
18, 2100.00000, 7240.24, 7200.87, 7213.28, 17.9877, 8.61893, 7.55349
18, 2160.00000, 7239.07, 7203.77, 7214.37, 18.0294, 8.53754, 7.50752
18, 2220.00000, 7238.32, 7206.34, 7215.45, 18.0528, 8.46084, 7.46638
18, 2280.00000, 7238.03, 7208.5, 7216.47, 18.0567, 8.39118, 7.43197
18, 2340.00000, 7238.23, 7210.18, 7217.36, 18.0402, 8.33063, 7.40598
18, 2400.00000, 7238.96, 7211.33, 7218.09, 18.0028, 8.28085, 7.38978
18, 2460.00000, 7240.22, 7211.91, 7218.62, 17.9447, 8.24315, 7.38434
18, 2520.00000, 7242.31, 7211.62, 7218.59, 17.8665, 8.2282, 7.4
18, 2580.00000, 7244.87, 7210.76, 7218.34, 17.7691, 8.22578, 7.42634
18, 2640.00000, 7247.81, 7209.38, 7217.89, 17.6544, 8.23487, 7.4621
18, 2700.00000, 7251.06, 7207.54, 7217.26, 17.5246, 8.25418, 7.50576
18, 2760.00000, 7254.56, 7205.26, 7216.52, 17.3803, 8.28281, 7.55558
18, 2820.00000, 7258.1, 7202.74, 7215.68, 17.2282, 8.31755, 7.60925
18, 2880.00000, 7261.63, 7200.02, 7214.8, 17.0698, 8.35695, 7.66466
18, 2940.00000, 7265.04, 7197.21, 7213.93, 16.9087, 8.39889, 7.71951
18, 3000.00000, 7268.18, 7194.47, 7213.11, 16.7501, 8.44039, 7.77146
18, 3060.00000, 7271.06, 7191.78, 7212.4, 16.5946, 8.48115, 7.81872
18, 3120.00000, 7273.41, 7189.51, 7212.27, 16.4328, 8.50705, 7.8486
18, 3180.00000, 7275.29, 7187.52, 7212.28, 16.2847, 8.52895, 7.87109
18, 3240.00000, 7276.68, 7185.83, 7212.39, 16.1549, 8.54666, 7.88602
18, 3300.00000, 7277.55, 7184.49, 7212.59, 16.0475, 8.56028, 7.89343
18, 3360.00000, 7277.88, 7183.53, 7212.85, 15.966, 8.57012, 7.89365
18, 3420.00000, 7277.68, 7182.94, 7213.14, 15.913, 8.57674, 7.88725
18, 3480.00000, 7276.98, 7182.73, 7213.41, 15.8905, 8.58084, 7.87505
18, 3540.00000, 7275.81, 7182.89, 7213.66, 15.8994, 8.5833, 7.85802
19, 0.00000, 7274.22, 7183.37, 7213.84, 15.9396, 8.58506, 7.83727
19, 60.00000, 7272.26, 7184.15, 7213.94, 16.0104, 8.58709, 7.81399
19, 120.00000, 7270.05, 7185.37, 7213.54, 16.1292, 8.59104, 7.7934
19, 180.00000, 7267.61, 7186.76, 7213.07, 16.2725, 8.59688, 7.77239
19, 240.00000, 7265.03, 7188.24, 7212.57, 16.435, 8.60531, 7.75161
19, 300.00000, 7262.39, 7189.73, 7212.07, 16.6109, 8.61685, 7.73176
19, 360.00000, 7259.75, 7191.14, 7211.62, 16.7939, 8.63181, 7.71346
19, 420.00000, 7257.22, 7192.4, 7211.25, 16.9773, 8.65029, 7.69723
19, 480.00000, 7254.85, 7193.45, 7211, 17.1544, 8.67216, 7.6835
19, 540.00000, 7252.74, 7194.23, 7210.9, 17.3188, 8.69704, 7.6726
19, 600.00000, 7250.93, 7194.7, 7210.97, 17.4645, 8.72433, 7.66474
19, 660.00000, 7249.49, 7194.84, 7211.23, 17.5863, 8.75317, 7.66004
19, 720.00000, 7248.57, 7194.24, 7212.38, 17.6482, 8.78988, 7.65237
19, 780.00000, 7248.07, 7193.33, 7213.68, 17.6816, 8.82547, 7.64815
19, 840.00000, 7247.99, 7192.19, 7215.01, 17.6877, 8.85785, 7.64795
19, 900.00000, 7248.32, 7190.9, 7216.3, 17.6684, 8.88506, 7.65199
19, 960.00000, 7249.03, 7189.53, 7217.46, 17.627, 8.90519, 7.66035
19, 1020.00000, 7250.08, 7188.18, 7218.42, 17.5672, 8.91654, 7.67287
19, 1080.00000, 7251.41, 7186.94, 7219.11, 17.4935, 8.91772, 7.68925
19, 1140.00000, 7252.97, 7185.89, 7219.48, 17.4106, 8.90767, 7.70895
19, 1200.00000, 7254.68, 7185.12, 7219.5, 17.3233, 8.88579, 7.73127
19, 1260.00000, 7256.49, 7184.68, 7219.15, 17.2362, 8.85198, 7.75529
19, 1320.00000, 7258.55, 7185.24, 7217.51, 17.1709, 8.78565, 7.78842
19, 1380.00000, 7260.55, 7186.17, 7215.59, 17.112, 8.71049, 7.82058
19, 1440.00000, 7262.4, 7187.43, 7213.54, 17.0616, 8.62993, 7.84953
19, 1500.00000, 7264, 7188.98, 7211.49, 17.0209, 8.54739, 7.87328
19, 1560.00000, 7265.28, 7190.74, 7209.6, 16.9905, 8.46634, 7.89
19, 1620.00000, 7266.2, 7192.65, 7208, 16.9706, 8.39018, 7.89809
19, 1680.00000, 7266.71, 7194.64, 7206.83, 16.9607, 8.322, 7.89624
19, 1740.00000, 7266.77, 7196.63, 7206.18, 16.9599, 8.26455, 7.88358
19, 1800.00000, 7266.4, 7198.55, 7206.16, 16.9671, 8.22003, 7.85963
19, 1860.00000, 7265.6, 7200.34, 7206.83, 16.9805, 8.19005, 7.82447
19, 1920.00000, 7263.86, 7201.61, 7209.43, 16.9896, 8.1986, 7.75982
19, 1980.00000, 7261.82, 7202.66, 7212.65, 17.0027, 8.22106, 7.68696
19, 2040.00000, 7259.62, 7203.48, 7216.3, 17.0184, 8.25506, 7.6094
19, 2100.00000, 7257.4, 7204.08, 7220.21, 17.0353, 8.29772, 7.53055
19, 2160.00000, 7255.29, 7204.47, 7224.2, 17.0524, 8.34576, 7.45393
19, 2220.00000, 7253.43, 7204.65, 7228.07, 17.0688, 8.39561, 7.38297
19, 2280.00000, 7251.94, 7204.66, 7231.64, 17.0834, 8.4436, 7.32088
19, 2340.00000, 7250.91, 7204.52, 7234.73, 17.0958, 8.48617, 7.27051
19, 2400.00000, 7250.44, 7204.28, 7237.19, 17.1053, 8.52004, 7.23424
19, 2460.00000, 7250.58, 7203.98, 7238.87, 17.1119, 8.54238, 7.21385
19, 2520.00000, 7252.2, 7203.83, 7238.71, 17.1109, 8.52702, 7.23008
19, 2580.00000, 7254.4, 7203.69, 7237.69, 17.1072, 8.4987, 7.2623
19, 2640.00000, 7257.06, 7203.55, 7235.88, 17.1026, 8.45891, 7.30835
19, 2700.00000, 7260.03, 7203.46, 7233.38, 17.0983, 8.40973, 7.36561
19, 2760.00000, 7263.18, 7203.41, 7230.31, 17.0959, 8.35377, 7.43106
19, 2820.00000, 7266.33, 7203.42, 7226.8, 17.0968, 8.29399, 7.50126
19, 2880.00000, 7269.33, 7203.49, 7223.03, 17.1028, 8.23355, 7.57262
19, 2940.00000, 7272.01, 7203.63, 7219.16, 17.1153, 8.1757, 7.64147
19, 3000.00000, 7274.21, 7203.83, 7215.37, 17.1358, 8.12357, 7.7043
19, 3060.00000, 7275.8, 7204.09, 7211.83, 17.1657, 8.08004, 7.75788
19, 3120.00000, 7276.14, 7204.6, 7209.32, 17.2003, 8.05678, 7.77984
19, 3180.00000, 7275.68, 7205.14, 7207.32, 17.2471, 8.04582, 7.78919
19, 3240.00000, 7274.43, 7205.66, 7205.9, 17.3067, 8.04818, 7.78627
19, 3300.00000, 7272.41, 7206.11, 7205.09, 17.3796, 8.06434, 7.77179
19, 3360.00000, 7269.64, 7206.48, 7204.92, 17.4659, 8.09429, 7.74693
19, 3420.00000, 7266.2, 7206.72, 7205.39, 17.5653, 8.13751, 7.71328
19, 3480.00000, 7262.12, 7206.84, 7206.47, 17.679, 8.19288, 7.67244
19, 3540.00000, 7257.64, 7206.76, 7208.11, 17.8015, 8.25935, 7.62698
20, 0.00000, 7252.83, 7206.49, 7210.23, 17.9324, 8.33487, 7.57897
20, 60.00000, 7247.84, 7206.02, 7212.75, 18.0693, 8.41722, 7.53062
20, 120.00000, 7242.87, 7204.99, 7215.74, 18.2189, 8.50667, 7.4927
20, 180.00000, 7238.03, 7203.82, 7218.91, 18.3672, 8.59744, 7.45777
20, 240.00000, 7233.46, 7202.57, 7222.14, 18.5095, 8.68639, 7.42695
20, 300.00000, 7229.32, 7201.29, 7225.28, 18.6413, 8.77033, 7.40109
20, 360.00000, 7225.73, 7200.05, 7228.22, 18.7578, 8.8462, 7.38089
20, 420.00000, 7222.89, 7198.91, 7230.8, 18.853, 8.91099, 7.36737
20, 480.00000, 7220.74, 7197.94, 7232.99, 18.9269, 8.96268, 7.35947
20, 540.00000, 7219.44, 7197.18, 7234.68, 18.9741, 8.99909, 7.35779
20, 600.00000, 7219.03, 7196.67, 7235.78, 18.9918, 9.0188, 7.36213
20, 660.00000, 7219.54, 7196.43, 7236.26, 18.9784, 9.02104, 7.37205
20, 720.00000, 7221.45, 7197.19, 7235.65, 18.9115, 8.98914, 7.3818
20, 780.00000, 7224.19, 7198.18, 7234.45, 18.8145, 8.94161, 7.39642
20, 840.00000, 7227.69, 7199.29, 7232.7, 18.6888, 8.88121, 7.41582
20, 900.00000, 7231.68, 7200.45, 7230.56, 18.5423, 8.81147, 7.43877
20, 960.00000, 7236.07, 7201.57, 7228.12, 18.3779, 8.73578, 7.46501
20, 1020.00000, 7240.69, 7202.55, 7225.49, 18.2009, 8.65784, 7.49386
20, 1080.00000, 7245.37, 7203.3, 7222.81, 18.0166, 8.58136, 7.52459
20, 1140.00000, 7249.94, 7203.76, 7220.21, 17.8306, 8.50986, 7.55642
20, 1200.00000, 7254.26, 7203.85, 7217.81, 17.6482, 8.44656, 7.58855
20, 1260.00000, 7258.18, 7203.55, 7215.73, 17.4747, 8.39425, 7.62017
20, 1320.00000, 7261.06, 7202.19, 7214.53, 17.3271, 8.36783, 7.65161
20, 1380.00000, 7263.43, 7200.44, 7213.77, 17.1941, 8.35538, 7.68123
20, 1440.00000, 7265.2, 7198.39, 7213.48, 17.0802, 8.35643, 7.70794
20, 1500.00000, 7266.37, 7196.14, 7213.65, 16.9869, 8.37022, 7.73103
20, 1560.00000, 7266.96, 7193.8, 7214.27, 16.9155, 8.39549, 7.74995
20, 1620.00000, 7267, 7191.48, 7215.3, 16.8662, 8.43049, 7.76428
20, 1680.00000, 7266.54, 7189.28, 7216.67, 16.8387, 8.47312, 7.77377
20, 1740.00000, 7265.66, 7187.33, 7218.32, 16.8319, 8.52099, 7.77835
20, 1800.00000, 7264.45, 7185.73, 7220.16, 16.8444, 8.57152, 7.77814
20, 1860.00000, 7262.98, 7184.56, 7222.1, 16.8744, 8.62208, 7.77344
20, 1920.00000, 7261.58, 7184.5, 7224.22, 16.9134, 8.66548, 7.7567
20, 1980.00000, 7260.09, 7184.96, 7226.24, 16.9657, 8.7042, 7.73726
20, 2040.00000, 7258.6, 7185.9, 7228.04, 17.0295, 8.73652, 7.7166
20, 2100.00000, 7257.16, 7187.28, 7229.54, 17.1026, 8.76085, 7.69622
20, 2160.00000, 7255.83, 7189.05, 7230.65, 17.1827, 8.77592, 7.67759
20, 2220.00000, 7254.67, 7191.13, 7231.28, 17.2676, 8.7809, 7.66207
20, 2280.00000, 7253.71, 7193.44, 7231.41, 17.3551, 8.77539, 7.65088
20, 2340.00000, 7252.98, 7195.88, 7230.99, 17.443, 8.75947, 7.645
20, 2400.00000, 7252.49, 7198.36, 7230.02, 17.5293, 8.73375, 7.64514
20, 2460.00000, 7252.24, 7200.77, 7228.53, 17.6124, 8.69936, 7.65166
20, 2520.00000, 7252.55, 7202.91, 7225.93, 17.681, 8.64296, 7.67361
20, 2580.00000, 7253.04, 7204.8, 7222.97, 17.7441, 8.58284, 7.70111
20, 2640.00000, 7253.64, 7206.39, 7219.8, 17.8024, 8.52261, 7.73256
20, 2700.00000, 7254.27, 7207.6, 7216.57, 17.8561, 8.46599, 7.76632
20, 2760.00000, 7254.86, 7208.41, 7213.47, 17.9059, 8.41657, 7.80054
20, 2820.00000, 7255.33, 7208.78, 7210.64, 17.9526, 8.37766, 7.83329
20, 2880.00000, 7255.61, 7208.71, 7208.25, 17.9972, 8.35215, 7.86264
20, 2940.00000, 7255.64, 7208.19, 7206.43, 18.0405, 8.34237, 7.88674
20, 3000.00000, 7255.36, 7207.24, 7205.31, 18.0834, 8.35, 7.90395
20, 3060.00000, 7254.74, 7205.91, 7204.97, 18.1267, 8.37597, 7.91285
20, 3120.00000, 7253.25, 7204.1, 7206.47, 18.1789, 8.44233, 7.90057
20, 3180.00000, 7251.43, 7202.01, 7208.77, 18.2323, 8.52491, 7.87902
20, 3240.00000, 7249.35, 7199.74, 7211.75, 18.2859, 8.62055, 7.84922
20, 3300.00000, 7247.1, 7197.35, 7215.27, 18.3389, 8.72549, 7.81226
20, 3360.00000, 7244.77, 7194.95, 7219.18, 18.3905, 8.8355, 7.76951
20, 3420.00000, 7242.43, 7192.63, 7223.32, 18.4396, 8.94601, 7.72254
20, 3480.00000, 7240.2, 7190.48, 7227.51, 18.4854, 9.05238, 7.67309
20, 3540.00000, 7238.16, 7188.58, 7231.59, 18.5268, 9.15001, 7.62293
21, 0.00000, 7236.39, 7187.02, 7235.37, 18.5627, 9.23465, 7.57387
21, 60.00000, 7234.96, 7185.84, 7238.71, 18.5925, 9.30259, 7.52762
21, 120.00000, 7234.58, 7185.47, 7240.82, 18.5966, 9.3266, 7.48994
21, 180.00000, 7234.61, 7185.53, 7242.31, 18.5944, 9.33075, 7.45782
21, 240.00000, 7234.99, 7186, 7243.16, 18.5879, 9.31607, 7.43189
21, 300.00000, 7235.67, 7186.83, 7243.38, 18.5784, 9.28432, 7.4127
21, 360.00000, 7236.6, 7187.96, 7243.02, 18.5675, 9.2379, 7.40055
21, 420.00000, 7237.72, 7189.33, 7242.11, 18.5564, 9.17988, 7.39553
21, 480.00000, 7238.95, 7190.84, 7240.74, 18.5463, 9.11368, 7.39745
21, 540.00000, 7240.22, 7192.43, 7239, 18.5381, 9.04299, 7.40592
21, 600.00000, 7241.48, 7194, 7237, 18.5323, 8.97162, 7.42031
21, 660.00000, 7242.65, 7195.46, 7234.84, 18.5293, 8.90327, 7.43986
21, 720.00000, 7243.2, 7196.74, 7232.84, 18.5494, 8.84902, 7.46402
21, 780.00000, 7243.6, 7197.77, 7230.89, 18.5703, 8.80359, 7.49132
21, 840.00000, 7243.88, 7198.5, 7229.07, 18.589, 8.76909, 7.52069
21, 900.00000, 7244.04, 7198.87, 7227.47, 18.603, 8.74712, 7.55099
21, 960.00000, 7244.13, 7198.86, 7226.15, 18.6096, 8.73878, 7.5811
21, 1020.00000, 7244.15, 7198.44, 7225.17, 18.6067, 8.74463, 7.60996
21, 1080.00000, 7244.16, 7197.62, 7224.57, 18.5921, 8.76471, 7.63667
21, 1140.00000, 7244.18, 7196.4, 7224.37, 18.5646, 8.79846, 7.66047
21, 1200.00000, 7244.24, 7194.82, 7224.57, 18.5233, 8.84486, 7.68078
21, 1260.00000, 7244.37, 7192.93, 7225.16, 18.4684, 8.90234, 7.69728
21, 1320.00000, 7245.11, 7190.48, 7226.56, 18.3628, 8.97469, 7.7
21, 1380.00000, 7245.91, 7187.87, 7228.23, 18.249, 9.05345, 7.69964
21, 1440.00000, 7246.72, 7185.21, 7230.07, 18.133, 9.13529, 7.69754
21, 1500.00000, 7247.5, 7182.62, 7231.96, 18.0209, 9.21681, 7.69503
21, 1560.00000, 7248.2, 7180.22, 7233.78, 17.9189, 9.29453, 7.69347
21, 1620.00000, 7248.77, 7178.12, 7235.41, 17.8329, 9.3651, 7.69422
21, 1680.00000, 7249.17, 7176.42, 7236.74, 17.7686, 9.42542, 7.69852
21, 1740.00000, 7249.37, 7175.22, 7237.67, 17.7309, 9.47274, 7.70742
21, 1800.00000, 7249.32, 7174.58, 7238.12, 17.7238, 9.50489, 7.72177
21, 1860.00000, 7249.02, 7174.57, 7238.03, 17.7502, 9.52031, 7.74211
21, 1920.00000, 7248.03, 7175.9, 7236.83, 17.8464, 9.49806, 7.77814
21, 1980.00000, 7246.79, 7177.82, 7235.06, 17.9753, 9.45965, 7.81964
21, 2040.00000, 7245.36, 7180.23, 7232.81, 18.1327, 9.40779, 7.86514
21, 2100.00000, 7243.79, 7183.04, 7230.16, 18.3136, 9.34546, 7.91305
21, 2160.00000, 7242.13, 7186.1, 7227.2, 18.5119, 9.27608, 7.96157
21, 2220.00000, 7240.43, 7189.3, 7224.05, 18.7212, 9.20328, 8.00877
21, 2280.00000, 7238.78, 7192.5, 7220.84, 18.9345, 9.13072, 8.05265
21, 2340.00000, 7237.21, 7195.57, 7217.69, 19.1447, 9.06199, 8.09126
21, 2400.00000, 7235.79, 7198.4, 7214.74, 19.345, 9.00038, 8.12278
21, 2460.00000, 7234.56, 7200.87, 7212.11, 19.5291, 8.94875, 8.14562
21, 2520.00000, 7234.04, 7202.41, 7210.29, 19.6593, 8.92599, 8.14742
21, 2580.00000, 7233.73, 7203.48, 7208.96, 19.7655, 8.91595, 8.13914
21, 2640.00000, 7233.61, 7204.08, 7208.14, 19.8472, 8.91806, 8.12138
21, 2700.00000, 7233.64, 7204.24, 7207.85, 19.9044, 8.93143, 8.0949
21, 2760.00000, 7233.77, 7203.99, 7208.07, 19.9383, 8.95467, 8.06081
21, 2820.00000, 7233.95, 7203.38, 7208.8, 19.9505, 8.98594, 8.02039
21, 2880.00000, 7234.14, 7202.49, 7209.98, 19.9438, 9.02309, 7.97517
21, 2940.00000, 7234.29, 7201.38, 7211.57, 19.9213, 9.06374, 7.92682
21, 3000.00000, 7234.34, 7200.16, 7213.49, 19.8867, 9.10537, 7.87702
21, 3060.00000, 7234.27, 7198.91, 7215.66, 19.8437, 9.14549, 7.82755
21, 3120.00000, 7233.71, 7197.92, 7218.1, 19.8076, 9.17154, 7.78597
21, 3180.00000, 7232.99, 7197.06, 7220.59, 19.7706, 9.19233, 7.74747
21, 3240.00000, 7232.12, 7196.38, 7223.01, 19.7352, 9.20693, 7.71307
21, 3300.00000, 7231.15, 7195.95, 7225.26, 19.7042, 9.21464, 7.68366
21, 3360.00000, 7230.09, 7195.79, 7227.22, 19.6798, 9.21501, 7.66004
21, 3420.00000, 7229, 7195.95, 7228.8, 19.6639, 9.20799, 7.64285
21, 3480.00000, 7227.91, 7196.41, 7229.9, 19.658, 9.19381, 7.63265
21, 3540.00000, 7226.87, 7197.2, 7230.47, 19.663, 9.17301, 7.62985
22, 0.00000, 7225.93, 7198.27, 7230.44, 19.6793, 9.14645, 7.63474
22, 60.00000, 7225.13, 7199.61, 7229.79, 19.7069, 9.11521, 7.64753
22, 120.00000, 7224.91, 7201.52, 7228.29, 19.7299, 9.07463, 7.65744
22, 180.00000, 7224.88, 7203.54, 7226.18, 19.7638, 9.03255, 7.67628
22, 240.00000, 7225.04, 7205.59, 7223.51, 19.8087, 8.99111, 7.70477
22, 300.00000, 7225.39, 7207.55, 7220.36, 19.864, 8.95238, 7.74349
22, 360.00000, 7225.91, 7209.33, 7216.8, 19.9285, 8.91827, 7.79274
22, 420.00000, 7226.6, 7210.82, 7212.95, 20.0007, 8.89054, 7.85254
22, 480.00000, 7227.43, 7211.92, 7208.91, 20.0782, 8.87065, 7.92257
22, 540.00000, 7228.44, 7212.57, 7204.73, 20.1576, 8.85961, 8.0032
22, 600.00000, 7229.5, 7212.7, 7200.74, 20.2377, 8.85845, 8.09022
22, 660.00000, 7230.72, 7212.25, 7196.86, 20.3128, 8.86709, 8.1853
22, 720.00000, 7231.67, 7210.86, 7193.39, 20.4072, 8.89783, 8.29997
22, 780.00000, 7232.75, 7208.91, 7190.29, 20.4873, 8.93667, 8.41664
22, 840.00000, 7234, 7206.47, 7187.66, 20.5464, 8.98132, 8.53169
22, 900.00000, 7235.43, 7203.59, 7185.55, 20.5787, 9.02929, 8.64131
22, 960.00000, 7237.09, 7200.39, 7184.04, 20.5787, 9.07787, 8.74175
22, 1020.00000, 7238.97, 7196.95, 7183.16, 20.5424, 9.12425, 8.82944
22, 1080.00000, 7241.09, 7193.41, 7182.94, 20.4669, 9.16571, 8.90112
22, 1140.00000, 7243.44, 7189.89, 7183.37, 20.3508, 9.19969, 8.95403
22, 1200.00000, 7246.01, 7186.5, 7184.45, 20.1945, 9.22395, 8.98608
22, 1260.00000, 7248.81, 7183.31, 7186.17, 19.9981, 9.23759, 8.99549
22, 1320.00000, 7252.46, 7180.77, 7188.74, 19.7006, 9.21751, 8.95947
22, 1380.00000, 7256.12, 7178.69, 7191.73, 19.3807, 9.18571, 8.90311
22, 1440.00000, 7259.69, 7177.15, 7195.03, 19.0511, 9.1438, 8.82965
22, 1500.00000, 7263.02, 7176.19, 7198.5, 18.7251, 9.09378, 8.74291
22, 1560.00000, 7266.01, 7175.84, 7201.99, 18.4156, 9.038, 8.64714
22, 1620.00000, 7268.54, 7176.12, 7205.31, 18.1364, 8.97901, 8.54785
22, 1680.00000, 7270.56, 7177, 7208.47, 17.8955, 8.91958, 8.44744
22, 1740.00000, 7271.98, 7178.46, 7211.29, 17.7042, 8.86214, 8.35132
22, 1800.00000, 7272.75, 7180.45, 7213.67, 17.5697, 8.8092, 8.26352
22, 1860.00000, 7272.84, 7182.89, 7215.53, 17.4974, 8.76299, 8.18762
22, 1920.00000, 7271.29, 7186.03, 7216.53, 17.5778, 8.74224, 8.14394
22, 1980.00000, 7269.16, 7189.42, 7216.95, 17.7166, 8.73029, 8.11583
22, 2040.00000, 7266.59, 7192.91, 7216.83, 17.9034, 8.72711, 8.10321
22, 2100.00000, 7263.73, 7196.37, 7216.21, 18.1265, 8.73224, 8.10543
22, 2160.00000, 7260.68, 7199.7, 7215.11, 18.3744, 8.74403, 8.12164
22, 2220.00000, 7257.72, 7202.63, 7213.68, 18.629, 8.76329, 8.1494
22, 2280.00000, 7254.99, 7205.06, 7212.04, 18.8756, 8.78858, 8.18622
22, 2340.00000, 7252.55, 7206.98, 7210.19, 19.1037, 8.8172, 8.23053
22, 2400.00000, 7250.59, 7208.24, 7208.29, 19.2984, 8.84858, 8.27912
22, 2460.00000, 7249.19, 7208.77, 7206.44, 19.4487, 8.88161, 8.32906
22, 2520.00000, 7249.76, 7208.15, 7204.89, 19.4425, 8.89318, 8.36501
22, 2580.00000, 7250.93, 7206.76, 7203.61, 19.3856, 8.90665, 8.39776
22, 2640.00000, 7252.52, 7204.68, 7202.68, 19.2855, 8.92325, 8.42595
22, 2700.00000, 7254.4, 7201.98, 7202.17, 19.1513, 8.94445, 8.44839
22, 2760.00000, 7256.38, 7198.76, 7202.14, 18.9935, 8.97166, 8.46416
22, 2820.00000, 7258.29, 7195.14, 7202.63, 18.8241, 9.00618, 8.47262
22, 2880.00000, 7259.96, 7191.24, 7203.67, 18.6552, 9.04906, 8.47338
22, 2940.00000, 7261.22, 7187.21, 7205.25, 18.4991, 9.10101, 8.46638
22, 3000.00000, 7261.92, 7183.19, 7207.35, 18.3671, 9.16234, 8.45179
22, 3060.00000, 7261.96, 7179.32, 7209.94, 18.2693, 9.23287, 8.43007
22, 3120.00000, 7260.13, 7176.02, 7213.4, 18.2844, 9.33241, 8.40198
22, 3180.00000, 7257.57, 7173.12, 7217.16, 18.3429, 9.43755, 8.36813
22, 3240.00000, 7254.3, 7170.67, 7221.2, 18.4442, 9.5457, 8.32856
22, 3300.00000, 7250.58, 7168.81, 7225.19, 18.581, 9.65164, 8.28662
22, 3360.00000, 7246.47, 7167.54, 7229.08, 18.7496, 9.75233, 8.24247
22, 3420.00000, 7242.13, 7166.91, 7232.74, 18.9431, 9.84389, 8.19734
22, 3480.00000, 7237.73, 7166.94, 7236.04, 19.1535, 9.92262, 8.15249
22, 3540.00000, 7233.43, 7167.62, 7238.87, 19.3719, 9.98515, 8.1091
23, 0.00000, 7229.42, 7168.92, 7241.13, 19.5888, 10.0286, 8.06826
23, 60.00000, 7225.85, 7170.81, 7242.75, 19.7948, 10.0507, 8.03097
23, 120.00000, 7223.73, 7173.36, 7243.03, 19.9415, 10.0281, 8.00075
23, 180.00000, 7222.21, 7176.38, 7242.66, 20.0651, 9.9835, 7.97522
23, 240.00000, 7221.38, 7179.7, 7241.71, 20.1596, 9.91998, 7.9549
23, 300.00000, 7221.26, 7183.19, 7240.27, 20.222, 9.84053, 7.93995
23, 360.00000, 7221.84, 7186.72, 7238.43, 20.2508, 9.74874, 7.9304
23, 420.00000, 7223.08, 7190.17, 7236.3, 20.2454, 9.64856, 7.92616
23, 480.00000, 7224.92, 7193.41, 7234.01, 20.2066, 9.54416, 7.92703
23, 540.00000, 7227.28, 7196.35, 7231.67, 20.1368, 9.43977, 7.93273
23, 600.00000, 7230.07, 7198.88, 7229.39, 20.039, 9.33952, 7.94294
23, 660.00000, 7233.27, 7200.93, 7227.22, 19.9154, 9.24675, 7.95788
23, 720.00000, 7236.47, 7202.07, 7226.21, 19.7647, 9.17921, 7.96874
23, 780.00000, 7239.78, 7202.67, 7225.45, 19.602, 9.12482, 7.98362
23, 840.00000, 7243.1, 7202.74, 7224.89, 19.4346, 9.08481, 8.00288
23, 900.00000, 7246.34, 7202.33, 7224.51, 19.2694, 9.0599, 8.02679
23, 960.00000, 7249.4, 7201.47, 7224.25, 19.1135, 9.0503, 8.05559
23, 1020.00000, 7252.16, 7200.27, 7224.05, 18.9753, 9.05522, 8.08935
23, 1080.00000, 7254.66, 7198.72, 7223.83, 18.8569, 9.07468, 8.12832
23, 1140.00000, 7256.79, 7196.94, 7223.55, 18.7653, 9.10714, 8.17234
23, 1200.00000, 7258.51, 7195, 7223.12, 18.7045, 9.15098, 8.2212
23, 1260.00000, 7259.8, 7192.99, 7222.51, 18.6773, 9.20426, 8.27453
23, 1320.00000, 7260.57, 7191.5, 7221.07, 18.7086, 9.25455, 8.33478
23, 1380.00000, 7260.92, 7190.06, 7219.41, 18.7733, 9.31052, 8.39822
23, 1440.00000, 7260.87, 7188.67, 7217.57, 18.868, 9.37082, 8.46356
23, 1500.00000, 7260.47, 7187.34, 7215.6, 18.9885, 9.43379, 8.52956
23, 1560.00000, 7259.75, 7186.08, 7213.55, 19.1294, 9.49777, 8.59491
23, 1620.00000, 7258.79, 7184.91, 7211.5, 19.2848, 9.56101, 8.65827
23, 1680.00000, 7257.66, 7183.83, 7209.51, 19.4481, 9.6218, 8.71824
23, 1740.00000, 7256.42, 7182.83, 7207.65, 19.6126, 9.67844, 8.77352
23, 1800.00000, 7255.15, 7181.93, 7205.98, 19.7715, 9.72932, 8.82285
23, 1860.00000, 7253.92, 7181.12, 7204.57, 19.9185, 9.77292, 8.86512
23, 1920.00000, 7252.97, 7180.02, 7203.94, 20.0192, 9.81421, 8.89589
23, 1980.00000, 7252.19, 7179.05, 7203.62, 20.0996, 9.84529, 8.91803
23, 2040.00000, 7251.6, 7178.28, 7203.6, 20.1583, 9.86449, 8.93147
23, 2100.00000, 7251.24, 7177.75, 7203.84, 20.1949, 9.87058, 8.93621
23, 2160.00000, 7251.13, 7177.5, 7204.31, 20.2096, 9.86271, 8.93243
23, 2220.00000, 7251.27, 7177.57, 7204.97, 20.2037, 9.84044, 8.92052
23, 2280.00000, 7251.65, 7177.99, 7205.78, 20.1791, 9.8038, 8.90108
23, 2340.00000, 7252.26, 7178.77, 7206.69, 20.1384, 9.7533, 8.87484
23, 2400.00000, 7253.08, 7179.91, 7207.66, 20.0846, 9.68993, 8.84272
23, 2460.00000, 7254.05, 7181.42, 7208.63, 20.0213, 9.61514, 8.80573
23, 2520.00000, 7255.34, 7183.83, 7209.46, 19.9575, 9.51546, 8.76056
23, 2580.00000, 7256.69, 7186.5, 7210.23, 19.8908, 9.40984, 8.71322
23, 2640.00000, 7258, 7189.32, 7210.92, 19.8246, 9.30242, 8.66524
23, 2700.00000, 7259.23, 7192.21, 7211.52, 19.7618, 9.19728, 8.61817
23, 2760.00000, 7260.28, 7195.06, 7212.02, 19.7054, 9.09839, 8.57341
23, 2820.00000, 7261.1, 7197.76, 7212.44, 19.6578, 9.00955, 8.53223
23, 2880.00000, 7261.61, 7200.22, 7212.76, 19.6211, 8.93419, 8.49573
23, 2940.00000, 7261.78, 7202.35, 7213.01, 19.597, 8.87529, 8.46473
23, 3000.00000, 7261.57, 7204.09, 7213.21, 19.5866, 8.83525, 8.43982
23, 3060.00000, 7260.95, 7205.37, 7213.39, 19.5906, 8.81584, 8.4213
23, 3120.00000, 7259.54, 7205.63, 7213.57, 19.6105, 8.83742, 8.41565
23, 3180.00000, 7257.75, 7205.41, 7213.79, 19.6446, 8.87956, 8.41553
23, 3240.00000, 7255.65, 7204.75, 7214.06, 19.6915, 8.94008, 8.41991
23, 3300.00000, 7253.31, 7203.69, 7214.41, 19.7497, 9.01635, 8.42752
23, 3360.00000, 7250.79, 7202.29, 7214.88, 19.8174, 9.10523, 8.43698
23, 3420.00000, 7248.19, 7200.65, 7215.47, 19.8925, 9.20324, 8.44688
23, 3480.00000, 7245.58, 7198.82, 7216.22, 19.9727, 9.30667, 8.45586
23, 3540.00000, 7243.04, 7196.9, 7217.13, 20.0556, 9.4118, 8.46265
24, 0.00000, 7240.66, 7194.97, 7218.2, 20.1387, 9.515, 8.46618
